target_norm_best,target_adv_best,target_norm_def,target_adv_def,pred_adv_best,pred_adv_def,misclass_num_best,misclass_num_def,target_num_class,test_acc_best,test_acc_def
4,9,4,9,0.4964996576309204,0.3598466217517853,982.0,982.0,982.0,0.9477,0.9299
4,6,4,8,0.37275731563568115,0.29814037680625916,982.0,982.0,982.0,0.9477,0.9299
4,9,4,9,0.4530860483646393,0.36635541915893555,982.0,982.0,982.0,0.9477,0.9299
4,9,4,9,0.4664113223552704,0.34245869517326355,982.0,982.0,982.0,0.9477,0.9299
4,9,4,9,0.4903484582901001,0.3935393989086151,982.0,982.0,982.0,0.9477,0.9299
4,6,6,6,0.3797726631164551,0.04234117642045021,982.0,982.0,982.0,0.9477,0.9299
4,9,4,9,0.4954998791217804,0.42772376537323,982.0,982.0,982.0,0.9477,0.9299
4,5,4,9,0.4096207618713379,0.4278407096862793,982.0,982.0,982.0,0.9477,0.9299
4,9,4,9,0.4986667335033417,0.38042569160461426,982.0,982.0,982.0,0.9477,0.9299
4,6,4,6,0.41246268153190613,0.29159513115882874,982.0,982.0,982.0,0.9477,0.9299
4,5,4,5,0.3676093518733978,0.26332104206085205,982.0,982.0,982.0,0.9477,0.9299
4,7,4,9,0.3541097044944763,0.4443883001804352,982.0,982.0,982.0,0.9477,0.9299
4,6,4,8,0.4170595109462738,0.35115188360214233,982.0,982.0,982.0,0.9477,0.9299
4,9,4,9,0.4423334300518036,0.453874796628952,982.0,982.0,982.0,0.9477,0.9299
4,9,4,9,0.45933714509010315,0.24749135971069336,982.0,982.0,982.0,0.9477,0.9299
4,9,4,9,0.4635721445083618,0.37377026677131653,982.0,982.0,982.0,0.9477,0.9299
4,9,4,9,0.5008918642997742,0.43169212341308594,982.0,982.0,982.0,0.9477,0.9299
4,6,4,9,0.38738104701042175,0.36789238452911377,982.0,982.0,982.0,0.9477,0.9299
4,6,4,2,0.4389933943748474,0.293379008769989,982.0,982.0,982.0,0.9477,0.9299
4,2,4,9,0.34136030077934265,0.33558201789855957,982.0,982.0,982.0,0.9477,0.9299
4,9,4,9,0.4921289086341858,0.3214394748210907,982.0,982.0,982.0,0.9477,0.9299
4,9,4,9,0.43421217799186707,0.4213320016860962,982.0,982.0,982.0,0.9477,0.9299
4,6,4,8,0.3688197135925293,0.2652318775653839,982.0,982.0,982.0,0.9477,0.9299
4,9,4,9,0.4770139455795288,0.29651719331741333,982.0,982.0,982.0,0.9477,0.9299
4,9,4,9,0.4790874421596527,0.41351476311683655,982.0,982.0,982.0,0.9477,0.9299
4,5,4,9,0.41040560603141785,0.40016037225723267,982.0,982.0,982.0,0.9477,0.9299
4,5,4,5,0.442167192697525,0.23537351191043854,982.0,982.0,982.0,0.9477,0.9299
4,9,4,9,0.41384899616241455,0.3751888871192932,982.0,982.0,982.0,0.9477,0.9299
4,9,4,7,0.4396771788597107,0.2641283869743347,982.0,982.0,982.0,0.9477,0.9299
4,2,4,9,0.23474690318107605,0.4213247299194336,982.0,982.0,982.0,0.9477,0.9299
4,6,4,9,0.4604014754295349,0.4435562491416931,982.0,982.0,982.0,0.9477,0.9299
2,2,2,2,0.10429525375366211,0.19763727486133575,982.0,982.0,982.0,0.9477,0.9299
4,9,4,9,0.4368472993373871,0.41741815209388733,982.0,982.0,982.0,0.9477,0.9299
4,9,4,9,0.4806196093559265,0.4547801911830902,982.0,982.0,982.0,0.9477,0.9299
4,9,4,9,0.4967932105064392,0.43043044209480286,982.0,982.0,982.0,0.9477,0.9299
4,9,4,7,0.4956640899181366,0.25330331921577454,982.0,982.0,982.0,0.9477,0.9299
4,9,4,9,0.42454513907432556,0.456685334444046,982.0,982.0,982.0,0.9477,0.9299
4,6,6,6,0.2883683741092682,0.3224438726902008,982.0,982.0,982.0,0.9477,0.9299
4,8,4,9,0.349210649728775,0.45100173354148865,982.0,982.0,982.0,0.9477,0.9299
4,6,4,8,0.42299968004226685,0.41314202547073364,982.0,982.0,982.0,0.9477,0.9299
4,9,4,9,0.49442026019096375,0.42301392555236816,982.0,982.0,982.0,0.9477,0.9299
4,6,4,3,0.46901485323905945,0.282886266708374,982.0,982.0,982.0,0.9477,0.9299
4,9,9,9,0.48564422130584717,0.2993539571762085,982.0,982.0,982.0,0.9477,0.9299
4,9,4,9,0.4833974540233612,0.43871036171913147,982.0,982.0,982.0,0.9477,0.9299
4,9,4,9,0.4622229039669037,0.41145098209381104,982.0,982.0,982.0,0.9477,0.9299
4,0,4,9,0.4323470890522003,0.2672420144081116,982.0,982.0,982.0,0.9477,0.9299
4,9,4,9,0.49991509318351746,0.3964207172393799,982.0,982.0,982.0,0.9477,0.9299
4,5,4,9,0.37214964628219604,0.2989445626735687,982.0,982.0,982.0,0.9477,0.9299
4,2,4,2,0.38047176599502563,0.29273998737335205,982.0,982.0,982.0,0.9477,0.9299
4,9,4,2,0.4849673807621002,0.23675213754177094,982.0,982.0,982.0,0.9477,0.9299
4,5,4,5,0.4860761761665344,0.28872135281562805,982.0,982.0,982.0,0.9477,0.9299
9,9,4,9,0.4835323393344879,0.4617907702922821,982.0,982.0,982.0,0.9477,0.9299
4,5,4,9,0.48061153292655945,0.321396142244339,982.0,982.0,982.0,0.9477,0.9299
4,6,4,9,0.44074955582618713,0.3832804560661316,982.0,982.0,982.0,0.9477,0.9299
4,8,4,7,0.3732103109359741,0.2820885181427002,982.0,982.0,982.0,0.9477,0.9299
1,1,4,7,0.15584860742092133,0.2529853284358978,982.0,982.0,982.0,0.9477,0.9299
4,9,4,9,0.41334104537963867,0.4523825943470001,982.0,982.0,982.0,0.9477,0.9299
4,9,9,9,0.4658850133419037,0.34449654817581177,982.0,982.0,982.0,0.9477,0.9299
4,9,4,6,0.4384470283985138,0.33267468214035034,982.0,982.0,982.0,0.9477,0.9299
4,6,4,9,0.43845951557159424,0.31122249364852905,982.0,982.0,982.0,0.9477,0.9299
4,9,4,9,0.48204803466796875,0.4488849639892578,982.0,982.0,982.0,0.9477,0.9299
4,6,4,5,0.4027288258075714,0.30832424759864807,982.0,982.0,982.0,0.9477,0.9299
4,9,4,9,0.3522166311740875,0.3752160668373108,982.0,982.0,982.0,0.9477,0.9299
4,6,4,8,0.40150347352027893,0.3127903342247009,982.0,982.0,982.0,0.9477,0.9299
4,9,9,9,0.5065467953681946,0.07279836386442184,982.0,982.0,982.0,0.9477,0.9299
4,9,9,9,0.4662415385246277,0.2958448529243469,982.0,982.0,982.0,0.9477,0.9299
4,5,4,3,0.4236692786216736,0.23038271069526672,982.0,982.0,982.0,0.9477,0.9299
2,2,4,6,0.14364227652549744,0.3486408591270447,982.0,982.0,982.0,0.9477,0.9299
4,9,4,9,0.5025210380554199,0.36061763763427734,982.0,982.0,982.0,0.9477,0.9299
4,2,4,2,0.3432196378707886,0.24462199211120605,982.0,982.0,982.0,0.9477,0.9299
4,9,4,9,0.4371061325073242,0.29502975940704346,982.0,982.0,982.0,0.9477,0.9299
4,8,4,8,0.37796473503112793,0.2444925308227539,982.0,982.0,982.0,0.9477,0.9299
4,7,4,2,0.36040693521499634,0.24674785137176514,982.0,982.0,982.0,0.9477,0.9299
4,9,4,9,0.5061824321746826,0.4352084994316101,982.0,982.0,982.0,0.9477,0.9299
4,9,9,9,0.5084726214408875,0.1823691576719284,982.0,982.0,982.0,0.9477,0.9299
4,5,4,3,0.3998957872390747,0.23670896887779236,982.0,982.0,982.0,0.9477,0.9299
4,9,4,9,0.48693615198135376,0.4422174096107483,982.0,982.0,982.0,0.9477,0.9299
4,6,4,8,0.413825124502182,0.4049144685268402,982.0,982.0,982.0,0.9477,0.9299
4,9,4,9,0.489978164434433,0.41971173882484436,982.0,982.0,982.0,0.9477,0.9299
4,6,4,2,0.5002729892730713,0.31068727374076843,982.0,982.0,982.0,0.9477,0.9299
4,9,9,9,0.5061926245689392,0.05878109857439995,982.0,982.0,982.0,0.9477,0.9299
4,9,4,9,0.49286070466041565,0.43538209795951843,982.0,982.0,982.0,0.9477,0.9299
4,9,4,9,0.479735791683197,0.4512726068496704,982.0,982.0,982.0,0.9477,0.9299
4,5,4,9,0.44122299551963806,0.3384125530719757,982.0,982.0,982.0,0.9477,0.9299
9,9,9,9,0.38177886605262756,0.3049357235431671,982.0,982.0,982.0,0.9477,0.9299
4,9,4,9,0.4774223268032074,0.37873533368110657,982.0,982.0,982.0,0.9477,0.9299
4,9,4,9,0.3527611792087555,0.31736457347869873,982.0,982.0,982.0,0.9477,0.9299
4,6,4,9,0.49293553829193115,0.28785791993141174,982.0,982.0,982.0,0.9477,0.9299
4,9,4,9,0.4917852282524109,0.4208631217479706,982.0,982.0,982.0,0.9477,0.9299
4,6,4,2,0.4385661482810974,0.30263105034828186,982.0,982.0,982.0,0.9477,0.9299
4,6,4,8,0.46535933017730713,0.27481603622436523,982.0,982.0,982.0,0.9477,0.9299
4,9,4,9,0.4970943033695221,0.44927123188972473,982.0,982.0,982.0,0.9477,0.9299
4,6,4,9,0.42680680751800537,0.39652448892593384,982.0,982.0,982.0,0.9477,0.9299
4,5,4,2,0.46552300453186035,0.3273194134235382,982.0,982.0,982.0,0.9477,0.9299
4,8,4,8,0.39459505677223206,0.2623008191585541,982.0,982.0,982.0,0.9477,0.9299
4,8,4,8,0.3582664728164673,0.39369601011276245,982.0,982.0,982.0,0.9477,0.9299
4,9,4,9,0.4874798059463501,0.4535740911960602,982.0,982.0,982.0,0.9477,0.9299
4,5,4,9,0.2941756248474121,0.2639809846878052,982.0,982.0,982.0,0.9477,0.9299
4,9,9,9,0.48214516043663025,0.211348757147789,982.0,982.0,982.0,0.9477,0.9299
4,5,4,3,0.34232819080352783,0.23982301354408264,982.0,982.0,982.0,0.9477,0.9299
4,6,4,9,0.3013538122177124,0.3572656810283661,982.0,982.0,982.0,0.9477,0.9299
4,6,4,9,0.4594323933124542,0.24888983368873596,982.0,982.0,982.0,0.9477,0.9299
4,6,4,9,0.4165932834148407,0.40105149149894714,982.0,982.0,982.0,0.9477,0.9299
4,0,4,7,0.3092983067035675,0.3128017783164978,982.0,982.0,982.0,0.9477,0.9299
4,9,4,9,0.45218420028686523,0.31640732288360596,982.0,982.0,982.0,0.9477,0.9299
4,6,4,9,0.44181331992149353,0.4365730583667755,982.0,982.0,982.0,0.9477,0.9299
4,1,4,5,0.30952537059783936,0.2298128753900528,982.0,982.0,982.0,0.9477,0.9299
4,6,4,9,0.4460022747516632,0.28757578134536743,982.0,982.0,982.0,0.9477,0.9299
4,5,9,9,0.34471914172172546,0.38854700326919556,982.0,982.0,982.0,0.9477,0.9299
4,6,4,8,0.39104321599006653,0.31518304347991943,982.0,982.0,982.0,0.9477,0.9299
4,6,4,7,0.40482351183891296,0.23269277811050415,982.0,982.0,982.0,0.9477,0.9299
4,9,4,9,0.4707719385623932,0.4413544833660126,982.0,982.0,982.0,0.9477,0.9299
4,7,4,6,0.32821887731552124,0.2965378165245056,982.0,982.0,982.0,0.9477,0.9299
4,1,4,8,0.3916437029838562,0.3914667069911957,982.0,982.0,982.0,0.9477,0.9299
4,6,4,9,0.4391804337501526,0.3934093415737152,982.0,982.0,982.0,0.9477,0.9299
4,9,4,9,0.4775179624557495,0.3860693871974945,982.0,982.0,982.0,0.9477,0.9299
4,9,4,9,0.4897509217262268,0.4366069436073303,982.0,982.0,982.0,0.9477,0.9299
4,9,4,9,0.48861607909202576,0.44121843576431274,982.0,982.0,982.0,0.9477,0.9299
4,6,4,9,0.4947411119937897,0.34979578852653503,982.0,982.0,982.0,0.9477,0.9299
4,5,4,9,0.43423914909362793,0.364125519990921,982.0,982.0,982.0,0.9477,0.9299
4,6,4,6,0.38603827357292175,0.3729372024536133,982.0,982.0,982.0,0.9477,0.9299
4,9,4,9,0.3526437282562256,0.41181695461273193,982.0,982.0,982.0,0.9477,0.9299
4,9,4,9,0.49387991428375244,0.4072292745113373,982.0,982.0,982.0,0.9477,0.9299
4,6,6,6,0.40919914841651917,0.07350581139326096,982.0,982.0,982.0,0.9477,0.9299
4,9,4,9,0.4878697395324707,0.4478338956832886,982.0,982.0,982.0,0.9477,0.9299
4,5,4,9,0.3892832398414612,0.4264766275882721,982.0,982.0,982.0,0.9477,0.9299
4,9,4,9,0.47754499316215515,0.43035921454429626,982.0,982.0,982.0,0.9477,0.9299
4,9,4,7,0.4898407757282257,0.3031875491142273,982.0,982.0,982.0,0.9477,0.9299
4,9,4,9,0.4245298206806183,0.3419141173362732,982.0,982.0,982.0,0.9477,0.9299
4,9,9,9,0.504554271697998,0.34762272238731384,982.0,982.0,982.0,0.9477,0.9299
4,9,4,9,0.4264892637729645,0.3975086212158203,982.0,982.0,982.0,0.9477,0.9299
4,2,4,2,0.4029649496078491,0.2451527863740921,982.0,982.0,982.0,0.9477,0.9299
4,9,4,9,0.49862951040267944,0.34240320324897766,982.0,982.0,982.0,0.9477,0.9299
4,5,4,9,0.2546289563179016,0.36325889825820923,982.0,982.0,982.0,0.9477,0.9299
4,6,4,9,0.4319037199020386,0.4417184889316559,982.0,982.0,982.0,0.9477,0.9299
4,0,4,6,0.34512096643447876,0.3768746256828308,982.0,982.0,982.0,0.9477,0.9299
4,9,4,9,0.4641423523426056,0.37106022238731384,982.0,982.0,982.0,0.9477,0.9299
4,6,4,9,0.43372511863708496,0.453411340713501,982.0,982.0,982.0,0.9477,0.9299
4,9,9,9,0.49932512640953064,0.06295562535524368,982.0,982.0,982.0,0.9477,0.9299
4,6,4,6,0.4996970593929291,0.41878896951675415,982.0,982.0,982.0,0.9477,0.9299
4,2,4,7,0.33786919713020325,0.29443395137786865,982.0,982.0,982.0,0.9477,0.9299
4,9,4,9,0.48119038343429565,0.4501931369304657,982.0,982.0,982.0,0.9477,0.9299
4,9,9,9,0.5034693479537964,0.10351376235485077,982.0,982.0,982.0,0.9477,0.9299
4,2,4,6,0.25012463331222534,0.2968086004257202,982.0,982.0,982.0,0.9477,0.9299
4,6,4,9,0.42861202359199524,0.3609294593334198,982.0,982.0,982.0,0.9477,0.9299
4,7,4,9,0.3451403081417084,0.3437342047691345,982.0,982.0,982.0,0.9477,0.9299
4,9,4,9,0.43661612272262573,0.3803683817386627,982.0,982.0,982.0,0.9477,0.9299
4,6,4,9,0.4389048218727112,0.4084053635597229,982.0,982.0,982.0,0.9477,0.9299
4,5,4,9,0.3514641523361206,0.3324429988861084,982.0,982.0,982.0,0.9477,0.9299
4,5,4,9,0.36750900745391846,0.39536768198013306,982.0,982.0,982.0,0.9477,0.9299
4,9,4,2,0.4404609799385071,0.25305742025375366,982.0,982.0,982.0,0.9477,0.9299
4,9,4,9,0.43793541193008423,0.39700847864151,982.0,982.0,982.0,0.9477,0.9299
4,8,4,9,0.38156411051750183,0.30578377842903137,982.0,982.0,982.0,0.9477,0.9299
4,9,4,9,0.36148902773857117,0.28211236000061035,982.0,982.0,982.0,0.9477,0.9299
4,9,9,9,0.44930076599121094,0.24256691336631775,982.0,982.0,982.0,0.9477,0.9299
4,9,4,7,0.393023282289505,0.3322315812110901,982.0,982.0,982.0,0.9477,0.9299
4,9,4,8,0.4326547384262085,0.2547665238380432,982.0,982.0,982.0,0.9477,0.9299
4,9,4,9,0.47169220447540283,0.4030243158340454,982.0,982.0,982.0,0.9477,0.9299
4,6,4,9,0.48671412467956543,0.4221331477165222,982.0,982.0,982.0,0.9477,0.9299
4,9,9,9,0.4892025589942932,0.265851765871048,982.0,982.0,982.0,0.9477,0.9299
4,5,4,8,0.46702465415000916,0.3058531880378723,982.0,982.0,982.0,0.9477,0.9299
4,6,4,9,0.37143784761428833,0.36218202114105225,982.0,982.0,982.0,0.9477,0.9299
4,9,9,9,0.48540568351745605,0.3177191913127899,982.0,982.0,982.0,0.9477,0.9299
4,9,9,9,0.49489688873291016,0.1693904548883438,982.0,982.0,982.0,0.9477,0.9299
4,5,4,7,0.34028348326683044,0.26763442158699036,982.0,982.0,982.0,0.9477,0.9299
4,2,4,5,0.27054139971733093,0.2517937123775482,982.0,982.0,982.0,0.9477,0.9299
4,7,4,9,0.37627944350242615,0.3475509583950043,982.0,982.0,982.0,0.9477,0.9299
4,9,4,7,0.49849286675453186,0.21932782232761383,982.0,982.0,982.0,0.9477,0.9299
4,6,4,8,0.41117578744888306,0.40987923741340637,982.0,982.0,982.0,0.9477,0.9299
4,9,4,9,0.46476975083351135,0.3111249506473541,982.0,982.0,982.0,0.9477,0.9299
4,6,4,6,0.4615103304386139,0.38231953978538513,982.0,982.0,982.0,0.9477,0.9299
4,5,4,9,0.3674313724040985,0.34885352849960327,982.0,982.0,982.0,0.9477,0.9299
4,6,4,9,0.4826968312263489,0.4565681219100952,982.0,982.0,982.0,0.9477,0.9299
6,6,6,6,0.11550664901733398,0.11857873946428299,982.0,982.0,982.0,0.9477,0.9299
4,9,4,9,0.49964848160743713,0.4166245758533478,982.0,982.0,982.0,0.9477,0.9299
4,9,4,9,0.48511266708374023,0.43819186091423035,982.0,982.0,982.0,0.9477,0.9299
4,9,4,9,0.47787532210350037,0.33683162927627563,982.0,982.0,982.0,0.9477,0.9299
4,9,9,9,0.5084707736968994,0.33164191246032715,982.0,982.0,982.0,0.9477,0.9299
4,9,4,9,0.4926873743534088,0.4367932379245758,982.0,982.0,982.0,0.9477,0.9299
4,5,4,5,0.4160449206829071,0.2834923267364502,982.0,982.0,982.0,0.9477,0.9299
4,9,4,9,0.44947561621665955,0.4458925724029541,982.0,982.0,982.0,0.9477,0.9299
4,9,4,9,0.5051054358482361,0.44192782044410706,982.0,982.0,982.0,0.9477,0.9299
4,6,4,5,0.3886733949184418,0.29404300451278687,982.0,982.0,982.0,0.9477,0.9299
7,7,7,7,0.12007638067007065,0.23505370318889618,982.0,982.0,982.0,0.9477,0.9299
4,9,4,9,0.372057169675827,0.2407190203666687,982.0,982.0,982.0,0.9477,0.9299
4,6,4,7,0.4230118989944458,0.25759291648864746,982.0,982.0,982.0,0.9477,0.9299
4,9,4,9,0.4898025393486023,0.3008277714252472,982.0,982.0,982.0,0.9477,0.9299
4,5,4,8,0.43048951029777527,0.19049759209156036,982.0,982.0,982.0,0.9477,0.9299
4,6,4,7,0.28913989663124084,0.2277079075574875,982.0,982.0,982.0,0.9477,0.9299
4,6,4,9,0.4268025755882263,0.40761274099349976,982.0,982.0,982.0,0.9477,0.9299
4,5,4,3,0.46269455552101135,0.2354622781276703,982.0,982.0,982.0,0.9477,0.9299
4,6,4,3,0.3914327621459961,0.2173490971326828,982.0,982.0,982.0,0.9477,0.9299
4,6,4,6,0.47944146394729614,0.36418458819389343,982.0,982.0,982.0,0.9477,0.9299
4,5,4,9,0.4683777689933777,0.4024701416492462,982.0,982.0,982.0,0.9477,0.9299
4,9,4,9,0.47405654191970825,0.25786951184272766,982.0,982.0,982.0,0.9477,0.9299
2,2,2,2,0.31756114959716797,0.07335095852613449,982.0,982.0,982.0,0.9477,0.9299
4,9,4,9,0.4748304784297943,0.36575332283973694,982.0,982.0,982.0,0.9477,0.9299
4,7,4,2,0.305853009223938,0.23642249405384064,982.0,982.0,982.0,0.9477,0.9299
4,9,4,9,0.41889792680740356,0.34813761711120605,982.0,982.0,982.0,0.9477,0.9299
4,9,4,9,0.47939684987068176,0.37050744891166687,982.0,982.0,982.0,0.9477,0.9299
4,9,9,9,0.47978103160858154,0.2648194134235382,982.0,982.0,982.0,0.9477,0.9299
4,5,4,9,0.4381178319454193,0.3262634575366974,982.0,982.0,982.0,0.9477,0.9299
4,5,4,9,0.34684252738952637,0.3713659644126892,982.0,982.0,982.0,0.9477,0.9299
4,5,4,9,0.4273540675640106,0.4190208613872528,982.0,982.0,982.0,0.9477,0.9299
4,9,9,9,0.4918102025985718,0.3175056576728821,982.0,982.0,982.0,0.9477,0.9299
4,5,4,9,0.4143335819244385,0.4505242109298706,982.0,982.0,982.0,0.9477,0.9299
4,9,4,9,0.44148826599121094,0.38642480969429016,982.0,982.0,982.0,0.9477,0.9299
4,2,4,5,0.4080852270126343,0.26503872871398926,982.0,982.0,982.0,0.9477,0.9299
4,9,4,9,0.4607555568218231,0.45316705107688904,982.0,982.0,982.0,0.9477,0.9299
4,6,6,6,0.41977331042289734,0.10644982010126114,982.0,982.0,982.0,0.9477,0.9299
4,9,9,9,0.5001103281974792,0.13618117570877075,982.0,982.0,982.0,0.9477,0.9299
4,9,4,9,0.48759159445762634,0.3832666575908661,982.0,982.0,982.0,0.9477,0.9299
4,9,4,9,0.5030403733253479,0.42582669854164124,982.0,982.0,982.0,0.9477,0.9299
4,5,4,9,0.36299797892570496,0.2954952120780945,982.0,982.0,982.0,0.9477,0.9299
4,5,4,2,0.36989128589630127,0.20479103922843933,982.0,982.0,982.0,0.9477,0.9299
4,9,4,2,0.4725143313407898,0.24920004606246948,982.0,982.0,982.0,0.9477,0.9299
4,2,9,9,0.38013118505477905,0.4431922435760498,982.0,982.0,982.0,0.9477,0.9299
4,5,4,2,0.4181531071662903,0.2681671380996704,982.0,982.0,982.0,0.9477,0.9299
4,6,4,9,0.3569965660572052,0.4164755344390869,982.0,982.0,982.0,0.9477,0.9299
4,5,4,9,0.32072868943214417,0.36938196420669556,982.0,982.0,982.0,0.9477,0.9299
4,5,4,3,0.4484472870826721,0.20289644598960876,982.0,982.0,982.0,0.9477,0.9299
8,8,4,8,0.153635635972023,0.3264061212539673,982.0,982.0,982.0,0.9477,0.9299
4,6,4,9,0.35108619928359985,0.4418426752090454,982.0,982.0,982.0,0.9477,0.9299
9,9,9,9,0.30704131722450256,0.13057875633239746,982.0,982.0,982.0,0.9477,0.9299
4,6,4,8,0.4351629614830017,0.3468529284000397,982.0,982.0,982.0,0.9477,0.9299
4,6,4,9,0.46963241696357727,0.4463832676410675,982.0,982.0,982.0,0.9477,0.9299
4,2,4,9,0.3587574362754822,0.45364490151405334,982.0,982.0,982.0,0.9477,0.9299
4,9,4,9,0.4950128197669983,0.45300522446632385,982.0,982.0,982.0,0.9477,0.9299
4,9,4,9,0.42775458097457886,0.2697388827800751,982.0,982.0,982.0,0.9477,0.9299
4,9,4,9,0.48377525806427,0.4365845024585724,982.0,982.0,982.0,0.9477,0.9299
4,6,4,6,0.49670958518981934,0.2996301054954529,982.0,982.0,982.0,0.9477,0.9299
9,9,9,9,0.3993079662322998,0.06535164266824722,982.0,982.0,982.0,0.9477,0.9299
4,2,4,2,0.43537479639053345,0.2664819657802582,982.0,982.0,982.0,0.9477,0.9299
4,9,9,9,0.483854204416275,0.16597402095794678,982.0,982.0,982.0,0.9477,0.9299
4,9,4,9,0.4857855439186096,0.4276033937931061,982.0,982.0,982.0,0.9477,0.9299
4,6,4,9,0.3078712821006775,0.3816360533237457,982.0,982.0,982.0,0.9477,0.9299
4,6,4,9,0.39845171570777893,0.45255714654922485,982.0,982.0,982.0,0.9477,0.9299
4,6,4,6,0.5042318105697632,0.4192960560321808,982.0,982.0,982.0,0.9477,0.9299
4,8,4,5,0.3059785068035126,0.27004218101501465,982.0,982.0,982.0,0.9477,0.9299
4,9,4,8,0.4763396084308624,0.265052855014801,982.0,982.0,982.0,0.9477,0.9299
4,9,4,9,0.4688758850097656,0.40185508131980896,982.0,982.0,982.0,0.9477,0.9299
4,9,4,9,0.41640257835388184,0.38684770464897156,982.0,982.0,982.0,0.9477,0.9299
4,5,4,9,0.39911749958992004,0.29079318046569824,982.0,982.0,982.0,0.9477,0.9299
4,5,9,9,0.46104106307029724,0.32556965947151184,982.0,982.0,982.0,0.9477,0.9299
4,6,4,9,0.41943520307540894,0.4288097023963928,982.0,982.0,982.0,0.9477,0.9299
4,9,4,2,0.4960661232471466,0.2809372544288635,982.0,982.0,982.0,0.9477,0.9299
4,9,4,3,0.47025927901268005,0.2351900339126587,982.0,982.0,982.0,0.9477,0.9299
4,6,4,2,0.4274887144565582,0.2321317195892334,982.0,982.0,982.0,0.9477,0.9299
4,5,4,5,0.4014493227005005,0.23241029679775238,982.0,982.0,982.0,0.9477,0.9299
4,9,4,9,0.47999459505081177,0.4142584800720215,982.0,982.0,982.0,0.9477,0.9299
4,6,4,9,0.41504278779029846,0.44351619482040405,982.0,982.0,982.0,0.9477,0.9299
4,5,4,9,0.4075942039489746,0.4565105438232422,982.0,982.0,982.0,0.9477,0.9299
4,6,4,6,0.48464250564575195,0.4021199345588684,982.0,982.0,982.0,0.9477,0.9299
4,9,4,9,0.46821966767311096,0.3960076868534088,982.0,982.0,982.0,0.9477,0.9299
4,6,4,9,0.45090559124946594,0.38758233189582825,982.0,982.0,982.0,0.9477,0.9299
4,9,4,9,0.42130714654922485,0.3015773892402649,982.0,982.0,982.0,0.9477,0.9299
4,5,4,9,0.47147536277770996,0.41041892766952515,982.0,982.0,982.0,0.9477,0.9299
4,6,4,9,0.41015252470970154,0.41700252890586853,982.0,982.0,982.0,0.9477,0.9299
4,6,4,9,0.3578864634037018,0.3766307830810547,982.0,982.0,982.0,0.9477,0.9299
4,9,9,9,0.49082452058792114,0.17345096170902252,982.0,982.0,982.0,0.9477,0.9299
4,5,4,9,0.3819548785686493,0.38637104630470276,982.0,982.0,982.0,0.9477,0.9299
4,9,4,9,0.45976144075393677,0.2303118109703064,982.0,982.0,982.0,0.9477,0.9299
4,7,4,7,0.3252587914466858,0.29424479603767395,982.0,982.0,982.0,0.9477,0.9299
4,9,4,9,0.46620944142341614,0.42824262380599976,982.0,982.0,982.0,0.9477,0.9299
4,9,4,9,0.46128344535827637,0.37462323904037476,982.0,982.0,982.0,0.9477,0.9299
4,9,4,9,0.43583181500434875,0.42062610387802124,982.0,982.0,982.0,0.9477,0.9299
4,2,2,2,0.45141634345054626,0.2589411735534668,982.0,982.0,982.0,0.9477,0.9299
4,9,4,9,0.4480981230735779,0.19495145976543427,982.0,982.0,982.0,0.9477,0.9299
4,5,4,9,0.486095666885376,0.4088379442691803,982.0,982.0,982.0,0.9477,0.9299
4,9,9,9,0.4960448443889618,0.24741804599761963,982.0,982.0,982.0,0.9477,0.9299
4,8,4,9,0.38335371017456055,0.41324424743652344,982.0,982.0,982.0,0.9477,0.9299
4,9,4,9,0.49935466051101685,0.43032217025756836,982.0,982.0,982.0,0.9477,0.9299
4,9,4,9,0.4804093837738037,0.3958175480365753,982.0,982.0,982.0,0.9477,0.9299
4,9,4,9,0.49022701382637024,0.4268273413181305,982.0,982.0,982.0,0.9477,0.9299
4,9,4,9,0.49214234948158264,0.43654993176460266,982.0,982.0,982.0,0.9477,0.9299
4,5,4,5,0.38092392683029175,0.22816580533981323,982.0,982.0,982.0,0.9477,0.9299
4,9,9,9,0.4815223217010498,0.4293668568134308,982.0,982.0,982.0,0.9477,0.9299
4,9,4,9,0.48411309719085693,0.4130009710788727,982.0,982.0,982.0,0.9477,0.9299
4,5,4,9,0.4395674169063568,0.3553830087184906,982.0,982.0,982.0,0.9477,0.9299
4,5,4,5,0.41454243659973145,0.29419636726379395,982.0,982.0,982.0,0.9477,0.9299
4,5,4,9,0.41380950808525085,0.4242376685142517,982.0,982.0,982.0,0.9477,0.9299
4,9,4,9,0.4976976811885834,0.40277913212776184,982.0,982.0,982.0,0.9477,0.9299
4,9,4,9,0.4756777882575989,0.41709116101264954,982.0,982.0,982.0,0.9477,0.9299
4,8,4,2,0.31436771154403687,0.21008482575416565,982.0,982.0,982.0,0.9477,0.9299
4,5,4,8,0.36521536111831665,0.26838991045951843,982.0,982.0,982.0,0.9477,0.9299
4,8,4,9,0.27187755703926086,0.4444456398487091,982.0,982.0,982.0,0.9477,0.9299
4,7,4,9,0.3118373155593872,0.2929176688194275,982.0,982.0,982.0,0.9477,0.9299
4,9,4,9,0.5014845728874207,0.4281065762042999,982.0,982.0,982.0,0.9477,0.9299
4,9,4,9,0.48948967456817627,0.44217902421951294,982.0,982.0,982.0,0.9477,0.9299
4,5,4,9,0.37249284982681274,0.4036000072956085,982.0,982.0,982.0,0.9477,0.9299
4,5,4,3,0.47909316420555115,0.25793203711509705,982.0,982.0,982.0,0.9477,0.9299
4,2,4,9,0.3428950011730194,0.4268454313278198,982.0,982.0,982.0,0.9477,0.9299
4,9,9,9,0.4911697208881378,0.3588050901889801,982.0,982.0,982.0,0.9477,0.9299
4,9,9,9,0.5033325552940369,0.1978183537721634,982.0,982.0,982.0,0.9477,0.9299
4,2,6,6,0.2763994634151459,0.2921513020992279,982.0,982.0,982.0,0.9477,0.9299
4,5,4,9,0.40773293375968933,0.40774470567703247,982.0,982.0,982.0,0.9477,0.9299
4,7,4,9,0.3377898037433624,0.33298251032829285,982.0,982.0,982.0,0.9477,0.9299
4,9,4,9,0.4868018627166748,0.4083055853843689,982.0,982.0,982.0,0.9477,0.9299
4,6,4,9,0.41044309735298157,0.4550829529762268,982.0,982.0,982.0,0.9477,0.9299
4,6,4,9,0.49639925360679626,0.4287494719028473,982.0,982.0,982.0,0.9477,0.9299
4,9,4,9,0.3611238896846771,0.3412884771823883,982.0,982.0,982.0,0.9477,0.9299
3,3,7,7,0.3045234978199005,0.06489121913909912,982.0,982.0,982.0,0.9477,0.9299
4,9,4,9,0.46031975746154785,0.4137919843196869,982.0,982.0,982.0,0.9477,0.9299
4,5,4,5,0.46102267503738403,0.2637387812137604,982.0,982.0,982.0,0.9477,0.9299
4,9,4,7,0.36668071150779724,0.3279779255390167,982.0,982.0,982.0,0.9477,0.9299
4,9,4,9,0.4767818748950958,0.4248703122138977,982.0,982.0,982.0,0.9477,0.9299
4,3,4,3,0.4151339530944824,0.23458392918109894,982.0,982.0,982.0,0.9477,0.9299
4,6,4,9,0.426137238740921,0.4488380551338196,982.0,982.0,982.0,0.9477,0.9299
4,7,4,9,0.31585967540740967,0.431926965713501,982.0,982.0,982.0,0.9477,0.9299
4,6,4,9,0.40046244859695435,0.36021965742111206,982.0,982.0,982.0,0.9477,0.9299
4,2,4,9,0.43608808517456055,0.22723214328289032,982.0,982.0,982.0,0.9477,0.9299
4,9,4,9,0.4872289001941681,0.4288364052772522,982.0,982.0,982.0,0.9477,0.9299
4,9,9,9,0.48885011672973633,0.22718390822410583,982.0,982.0,982.0,0.9477,0.9299
4,9,4,2,0.3714708685874939,0.2663613259792328,982.0,982.0,982.0,0.9477,0.9299
4,9,4,9,0.49599459767341614,0.45795074105262756,982.0,982.0,982.0,0.9477,0.9299
4,9,4,2,0.45526325702667236,0.2593756914138794,982.0,982.0,982.0,0.9477,0.9299
4,9,4,9,0.4954589307308197,0.30628278851509094,982.0,982.0,982.0,0.9477,0.9299
4,9,9,9,0.5079178810119629,0.1969679296016693,982.0,982.0,982.0,0.9477,0.9299
4,9,4,9,0.4820012152194977,0.40375956892967224,982.0,982.0,982.0,0.9477,0.9299
4,6,4,9,0.4220721423625946,0.39027485251426697,982.0,982.0,982.0,0.9477,0.9299
4,9,4,9,0.37104541063308716,0.20706844329833984,982.0,982.0,982.0,0.9477,0.9299
4,9,9,9,0.4724038243293762,0.23435841500759125,982.0,982.0,982.0,0.9477,0.9299
4,5,4,8,0.4074176847934723,0.327075719833374,982.0,982.0,982.0,0.9477,0.9299
4,9,9,9,0.45527762174606323,0.3323017954826355,982.0,982.0,982.0,0.9477,0.9299
4,9,4,9,0.48189467191696167,0.32692545652389526,982.0,982.0,982.0,0.9477,0.9299
4,6,4,9,0.365918904542923,0.42876240611076355,982.0,982.0,982.0,0.9477,0.9299
4,6,4,9,0.3404898941516876,0.40306031703948975,982.0,982.0,982.0,0.9477,0.9299
4,6,4,6,0.463963121175766,0.3157304525375366,982.0,982.0,982.0,0.9477,0.9299
4,6,6,6,0.3976447880268097,0.17849817872047424,982.0,982.0,982.0,0.9477,0.9299
4,9,4,9,0.4869184195995331,0.38178855180740356,982.0,982.0,982.0,0.9477,0.9299
4,9,9,9,0.5057235360145569,0.42713356018066406,982.0,982.0,982.0,0.9477,0.9299
4,6,4,9,0.42974117398262024,0.3647920787334442,982.0,982.0,982.0,0.9477,0.9299
4,7,4,7,0.3885347545146942,0.2655140161514282,982.0,982.0,982.0,0.9477,0.9299
4,5,4,9,0.44464725255966187,0.4369904696941376,982.0,982.0,982.0,0.9477,0.9299
4,9,4,9,0.47832489013671875,0.413705438375473,982.0,982.0,982.0,0.9477,0.9299
4,9,4,9,0.45178988575935364,0.41544845700263977,982.0,982.0,982.0,0.9477,0.9299
4,9,4,9,0.438011109828949,0.33051884174346924,982.0,982.0,982.0,0.9477,0.9299
4,7,4,9,0.30810731649398804,0.2254837155342102,982.0,982.0,982.0,0.9477,0.9299
4,7,4,9,0.3311038017272949,0.3025783598423004,982.0,982.0,982.0,0.9477,0.9299
4,9,4,9,0.3293735682964325,0.24481631815433502,982.0,982.0,982.0,0.9477,0.9299
4,9,4,9,0.49103933572769165,0.45781436562538147,982.0,982.0,982.0,0.9477,0.9299
4,6,4,9,0.40433546900749207,0.439106285572052,982.0,982.0,982.0,0.9477,0.9299
4,5,4,9,0.32167333364486694,0.306993693113327,982.0,982.0,982.0,0.9477,0.9299
4,6,4,3,0.29059481620788574,0.25108420848846436,982.0,982.0,982.0,0.9477,0.9299
4,9,4,9,0.4900766909122467,0.408536821603775,982.0,982.0,982.0,0.9477,0.9299
4,6,4,9,0.4120475649833679,0.4408259391784668,982.0,982.0,982.0,0.9477,0.9299
4,9,4,9,0.4655735492706299,0.35320723056793213,982.0,982.0,982.0,0.9477,0.9299
4,9,4,9,0.46797722578048706,0.4020807147026062,982.0,982.0,982.0,0.9477,0.9299
4,9,9,9,0.4822688400745392,0.23948514461517334,982.0,982.0,982.0,0.9477,0.9299
4,9,4,9,0.4792869985103607,0.44452762603759766,982.0,982.0,982.0,0.9477,0.9299
4,6,4,2,0.491137832403183,0.253942608833313,982.0,982.0,982.0,0.9477,0.9299
4,6,4,9,0.39054879546165466,0.34734997153282166,982.0,982.0,982.0,0.9477,0.9299
4,9,4,9,0.4728221297264099,0.27729591727256775,982.0,982.0,982.0,0.9477,0.9299
4,5,4,9,0.3915507197380066,0.41633009910583496,982.0,982.0,982.0,0.9477,0.9299
4,9,4,9,0.47622159123420715,0.36138322949409485,982.0,982.0,982.0,0.9477,0.9299
4,9,4,9,0.4660089612007141,0.4377196431159973,982.0,982.0,982.0,0.9477,0.9299
4,6,4,6,0.4291025400161743,0.38557329773902893,982.0,982.0,982.0,0.9477,0.9299
4,9,9,9,0.500057578086853,0.4018160402774811,982.0,982.0,982.0,0.9477,0.9299
4,9,4,9,0.3888987898826599,0.3754580020904541,982.0,982.0,982.0,0.9477,0.9299
4,9,9,9,0.4984484612941742,0.14600129425525665,982.0,982.0,982.0,0.9477,0.9299
4,9,4,9,0.4588046371936798,0.3866119384765625,982.0,982.0,982.0,0.9477,0.9299
4,9,9,9,0.4961226284503937,0.3565490245819092,982.0,982.0,982.0,0.9477,0.9299
4,6,4,7,0.4476660490036011,0.282900333404541,982.0,982.0,982.0,0.9477,0.9299
4,9,9,9,0.444343239068985,0.3844864070415497,982.0,982.0,982.0,0.9477,0.9299
4,6,4,8,0.42689186334609985,0.3860517740249634,982.0,982.0,982.0,0.9477,0.9299
4,5,4,9,0.29645583033561707,0.4460923373699188,982.0,982.0,982.0,0.9477,0.9299
4,3,4,3,0.42672163248062134,0.2416982501745224,982.0,982.0,982.0,0.9477,0.9299
4,9,9,9,0.4266376495361328,0.13531984388828278,982.0,982.0,982.0,0.9477,0.9299
4,9,4,9,0.4282543361186981,0.3281034827232361,982.0,982.0,982.0,0.9477,0.9299
4,9,4,9,0.4727679491043091,0.39736953377723694,982.0,982.0,982.0,0.9477,0.9299
4,6,4,9,0.36223575472831726,0.3677578866481781,982.0,982.0,982.0,0.9477,0.9299
4,9,4,8,0.47132164239883423,0.23683232069015503,982.0,982.0,982.0,0.9477,0.9299
4,9,4,9,0.45095115900039673,0.4227529466152191,982.0,982.0,982.0,0.9477,0.9299
4,7,4,9,0.3211751878261566,0.3744611144065857,982.0,982.0,982.0,0.9477,0.9299
4,9,9,9,0.4007638394832611,0.13000641763210297,982.0,982.0,982.0,0.9477,0.9299
4,9,4,9,0.4375934302806854,0.4355486035346985,982.0,982.0,982.0,0.9477,0.9299
4,9,4,9,0.37057048082351685,0.31777670979499817,982.0,982.0,982.0,0.9477,0.9299
4,2,4,2,0.4118020534515381,0.2437553107738495,982.0,982.0,982.0,0.9477,0.9299
4,6,4,6,0.3487451672554016,0.33066660165786743,982.0,982.0,982.0,0.9477,0.9299
4,0,4,9,0.28687334060668945,0.3662172257900238,982.0,982.0,982.0,0.9477,0.9299
4,8,4,9,0.41479727625846863,0.4556760787963867,982.0,982.0,982.0,0.9477,0.9299
4,9,4,9,0.3968164324760437,0.2884228527545929,982.0,982.0,982.0,0.9477,0.9299
4,9,4,9,0.31219482421875,0.36187347769737244,982.0,982.0,982.0,0.9477,0.9299
4,5,4,5,0.4190370738506317,0.18568186461925507,982.0,982.0,982.0,0.9477,0.9299
4,9,4,9,0.4748474657535553,0.3301185667514801,982.0,982.0,982.0,0.9477,0.9299
4,9,4,9,0.47878915071487427,0.27897047996520996,982.0,982.0,982.0,0.9477,0.9299
4,5,4,9,0.320442795753479,0.3933808505535126,982.0,982.0,982.0,0.9477,0.9299
4,9,9,9,0.5015987753868103,0.3152877986431122,982.0,982.0,982.0,0.9477,0.9299
4,9,4,9,0.47814682126045227,0.26550278067588806,982.0,982.0,982.0,0.9477,0.9299
4,9,4,9,0.4724232852458954,0.44058021903038025,982.0,982.0,982.0,0.9477,0.9299
4,9,4,9,0.4493171274662018,0.38592612743377686,982.0,982.0,982.0,0.9477,0.9299
4,6,4,9,0.3973604142665863,0.4450540244579315,982.0,982.0,982.0,0.9477,0.9299
4,5,4,9,0.34325462579727173,0.42433470487594604,982.0,982.0,982.0,0.9477,0.9299
4,9,4,9,0.47912710905075073,0.444772869348526,982.0,982.0,982.0,0.9477,0.9299
4,5,4,6,0.4498026371002197,0.23070862889289856,982.0,982.0,982.0,0.9477,0.9299
4,6,4,9,0.4643464982509613,0.3816678822040558,982.0,982.0,982.0,0.9477,0.9299
9,9,9,9,0.21488253772258759,0.06619878858327866,982.0,982.0,982.0,0.9477,0.9299
4,9,4,9,0.4804832637310028,0.3993193209171295,982.0,982.0,982.0,0.9477,0.9299
4,9,9,9,0.47967788577079773,0.22866976261138916,982.0,982.0,982.0,0.9477,0.9299
4,5,4,7,0.41480109095573425,0.27098703384399414,982.0,982.0,982.0,0.9477,0.9299
4,0,6,6,0.39475712180137634,0.30374041199684143,982.0,982.0,982.0,0.9477,0.9299
4,9,9,9,0.4687419533729553,0.12403665482997894,982.0,982.0,982.0,0.9477,0.9299
4,9,4,9,0.4131426513195038,0.36677923798561096,982.0,982.0,982.0,0.9477,0.9299
6,6,6,6,0.12218108773231506,0.04755755513906479,982.0,982.0,982.0,0.9477,0.9299
4,5,4,5,0.40236374735832214,0.25789329409599304,982.0,982.0,982.0,0.9477,0.9299
4,9,4,9,0.4673706293106079,0.30289170145988464,982.0,982.0,982.0,0.9477,0.9299
4,9,4,9,0.4772520363330841,0.44636937975883484,982.0,982.0,982.0,0.9477,0.9299
4,3,4,3,0.4109831750392914,0.2354474663734436,982.0,982.0,982.0,0.9477,0.9299
4,9,4,2,0.3706921935081482,0.24239744246006012,982.0,982.0,982.0,0.9477,0.9299
4,9,4,9,0.4406789243221283,0.3114168345928192,982.0,982.0,982.0,0.9477,0.9299
4,9,4,8,0.44036048650741577,0.24235454201698303,982.0,982.0,982.0,0.9477,0.9299
4,9,4,9,0.4414201080799103,0.4164584279060364,982.0,982.0,982.0,0.9477,0.9299
4,9,4,9,0.47312647104263306,0.4341115951538086,982.0,982.0,982.0,0.9477,0.9299
6,6,6,6,0.11716467142105103,0.04330798238515854,982.0,982.0,982.0,0.9477,0.9299
4,9,4,9,0.4825448989868164,0.4361273944377899,982.0,982.0,982.0,0.9477,0.9299
4,9,4,9,0.3906424939632416,0.40381330251693726,982.0,982.0,982.0,0.9477,0.9299
4,6,4,9,0.3511260151863098,0.36692705750465393,982.0,982.0,982.0,0.9477,0.9299
4,6,4,6,0.4441315829753876,0.40555882453918457,982.0,982.0,982.0,0.9477,0.9299
4,9,4,9,0.46352094411849976,0.37884992361068726,982.0,982.0,982.0,0.9477,0.9299
4,9,4,9,0.5033133029937744,0.4645843505859375,982.0,982.0,982.0,0.9477,0.9299
4,9,9,9,0.49776560068130493,0.19402730464935303,982.0,982.0,982.0,0.9477,0.9299
4,6,4,9,0.45241817831993103,0.4447440505027771,982.0,982.0,982.0,0.9477,0.9299
4,5,4,7,0.3608436584472656,0.2758093774318695,982.0,982.0,982.0,0.9477,0.9299
4,9,4,9,0.48392194509506226,0.4189107418060303,982.0,982.0,982.0,0.9477,0.9299
4,9,4,9,0.4655427932739258,0.37282371520996094,982.0,982.0,982.0,0.9477,0.9299
4,9,4,9,0.49232515692710876,0.29619285464286804,982.0,982.0,982.0,0.9477,0.9299
4,5,4,9,0.31065142154693604,0.3391677141189575,982.0,982.0,982.0,0.9477,0.9299
4,6,4,9,0.43349722027778625,0.44853970408439636,982.0,982.0,982.0,0.9477,0.9299
4,9,4,9,0.4568618834018707,0.3163365125656128,982.0,982.0,982.0,0.9477,0.9299
4,9,4,9,0.48209255933761597,0.45212092995643616,982.0,982.0,982.0,0.9477,0.9299
4,6,4,2,0.318484365940094,0.2914412021636963,982.0,982.0,982.0,0.9477,0.9299
4,6,4,9,0.40875568985939026,0.4611627459526062,982.0,982.0,982.0,0.9477,0.9299
4,3,4,9,0.42021921277046204,0.4501214623451233,982.0,982.0,982.0,0.9477,0.9299
4,8,4,8,0.39993730187416077,0.3509897291660309,982.0,982.0,982.0,0.9477,0.9299
4,9,4,7,0.45087379217147827,0.26133280992507935,982.0,982.0,982.0,0.9477,0.9299
4,5,4,2,0.39997604489326477,0.19765092432498932,982.0,982.0,982.0,0.9477,0.9299
4,2,4,9,0.30635300278663635,0.343147337436676,982.0,982.0,982.0,0.9477,0.9299
4,9,4,9,0.4820765256881714,0.4505445957183838,982.0,982.0,982.0,0.9477,0.9299
4,5,4,5,0.43611371517181396,0.27785545587539673,982.0,982.0,982.0,0.9477,0.9299
4,6,4,6,0.4243209958076477,0.4030947685241699,982.0,982.0,982.0,0.9477,0.9299
4,9,4,9,0.48318055272102356,0.4180102050304413,982.0,982.0,982.0,0.9477,0.9299
4,9,9,9,0.46885377168655396,0.38899871706962585,982.0,982.0,982.0,0.9477,0.9299
4,6,4,9,0.42633146047592163,0.4494751989841461,982.0,982.0,982.0,0.9477,0.9299
4,7,4,9,0.31388023495674133,0.3882885277271271,982.0,982.0,982.0,0.9477,0.9299
4,9,4,9,0.46194666624069214,0.4566321074962616,982.0,982.0,982.0,0.9477,0.9299
4,9,4,9,0.4497966766357422,0.4127509593963623,982.0,982.0,982.0,0.9477,0.9299
4,9,9,9,0.4916124939918518,0.4054812788963318,982.0,982.0,982.0,0.9477,0.9299
4,9,4,9,0.5004345178604126,0.4618482291698456,982.0,982.0,982.0,0.9477,0.9299
4,9,4,9,0.48960432410240173,0.4215858578681946,982.0,982.0,982.0,0.9477,0.9299
4,5,4,9,0.3077125549316406,0.3877628445625305,982.0,982.0,982.0,0.9477,0.9299
4,9,4,9,0.45528092980384827,0.3612469434738159,982.0,982.0,982.0,0.9477,0.9299
4,5,4,9,0.3916069567203522,0.36397454142570496,982.0,982.0,982.0,0.9477,0.9299
4,6,4,6,0.40436476469039917,0.32516711950302124,982.0,982.0,982.0,0.9477,0.9299
4,9,4,7,0.49215298891067505,0.26283615827560425,982.0,982.0,982.0,0.9477,0.9299
4,6,4,9,0.2790915369987488,0.24925574660301208,982.0,982.0,982.0,0.9477,0.9299
4,6,4,9,0.37353283166885376,0.2876618802547455,982.0,982.0,982.0,0.9477,0.9299
4,9,4,9,0.49055609107017517,0.43668434023857117,982.0,982.0,982.0,0.9477,0.9299
4,9,4,9,0.4023347496986389,0.4140430986881256,982.0,982.0,982.0,0.9477,0.9299
4,9,4,9,0.48608556389808655,0.4478057026863098,982.0,982.0,982.0,0.9477,0.9299
4,9,4,9,0.49474164843559265,0.40578320622444153,982.0,982.0,982.0,0.9477,0.9299
4,9,4,9,0.5031021237373352,0.4588482677936554,982.0,982.0,982.0,0.9477,0.9299
4,9,4,9,0.41986075043678284,0.40539461374282837,982.0,982.0,982.0,0.9477,0.9299
4,9,4,9,0.4533151686191559,0.431370347738266,982.0,982.0,982.0,0.9477,0.9299
4,6,4,6,0.45821312069892883,0.36660900712013245,982.0,982.0,982.0,0.9477,0.9299
4,9,9,9,0.505552351474762,0.14214709401130676,982.0,982.0,982.0,0.9477,0.9299
2,2,2,2,0.11333207786083221,0.009131014347076416,982.0,982.0,982.0,0.9477,0.9299
4,9,9,9,0.5022637844085693,0.4155040383338928,982.0,982.0,982.0,0.9477,0.9299
4,9,4,9,0.3318682014942169,0.40834781527519226,982.0,982.0,982.0,0.9477,0.9299
4,9,4,9,0.4827597737312317,0.4338553249835968,982.0,982.0,982.0,0.9477,0.9299
4,9,4,9,0.432270348072052,0.35359814763069153,982.0,982.0,982.0,0.9477,0.9299
4,7,4,9,0.31625261902809143,0.25571978092193604,982.0,982.0,982.0,0.9477,0.9299
4,9,4,9,0.49201321601867676,0.358031302690506,982.0,982.0,982.0,0.9477,0.9299
4,9,9,9,0.5051826238632202,0.14420275390148163,982.0,982.0,982.0,0.9477,0.9299
4,9,4,2,0.41486862301826477,0.2186567336320877,982.0,982.0,982.0,0.9477,0.9299
4,6,4,6,0.4992597699165344,0.23816770315170288,982.0,982.0,982.0,0.9477,0.9299
4,3,4,9,0.41855305433273315,0.446370929479599,982.0,982.0,982.0,0.9477,0.9299
4,6,6,6,0.3491113483905792,0.10910322517156601,982.0,982.0,982.0,0.9477,0.9299
4,6,4,2,0.49786531925201416,0.1770191341638565,982.0,982.0,982.0,0.9477,0.9299
4,6,4,9,0.4269542396068573,0.45063066482543945,982.0,982.0,982.0,0.9477,0.9299
4,9,4,9,0.4935241639614105,0.45301511883735657,982.0,982.0,982.0,0.9477,0.9299
4,3,4,9,0.4050498604774475,0.45426061749458313,982.0,982.0,982.0,0.9477,0.9299
4,7,4,9,0.33390992879867554,0.41404274106025696,982.0,982.0,982.0,0.9477,0.9299
4,9,4,9,0.48235493898391724,0.3950875401496887,982.0,982.0,982.0,0.9477,0.9299
4,9,9,9,0.4702189564704895,0.3270425796508789,982.0,982.0,982.0,0.9477,0.9299
4,9,4,9,0.5073666572570801,0.45030584931373596,982.0,982.0,982.0,0.9477,0.9299
4,5,4,8,0.3895507752895355,0.2682255208492279,982.0,982.0,982.0,0.9477,0.9299
4,9,9,9,0.5099126696586609,0.2286679744720459,982.0,982.0,982.0,0.9477,0.9299
4,3,4,9,0.41912972927093506,0.4327129125595093,982.0,982.0,982.0,0.9477,0.9299
4,9,9,9,0.4318160116672516,0.36774954199790955,982.0,982.0,982.0,0.9477,0.9299
4,9,9,9,0.47306177020072937,0.40292468667030334,982.0,982.0,982.0,0.9477,0.9299
4,6,4,9,0.47648340463638306,0.4062136709690094,982.0,982.0,982.0,0.9477,0.9299
4,9,4,9,0.47161227464675903,0.43872418999671936,982.0,982.0,982.0,0.9477,0.9299
4,6,4,9,0.41446879506111145,0.4475398063659668,982.0,982.0,982.0,0.9477,0.9299
4,6,4,9,0.3434486389160156,0.41938507556915283,982.0,982.0,982.0,0.9477,0.9299
4,5,4,6,0.30599677562713623,0.3374275267124176,982.0,982.0,982.0,0.9477,0.9299
4,6,4,9,0.4376083016395569,0.44478940963745117,982.0,982.0,982.0,0.9477,0.9299
4,9,9,9,0.4244064390659332,0.28654468059539795,982.0,982.0,982.0,0.9477,0.9299
4,9,9,9,0.4538736939430237,0.09262428432703018,982.0,982.0,982.0,0.9477,0.9299
4,6,4,9,0.34543099999427795,0.22095389664173126,982.0,982.0,982.0,0.9477,0.9299
4,9,4,9,0.49506324529647827,0.44965043663978577,982.0,982.0,982.0,0.9477,0.9299
4,9,4,9,0.4229949414730072,0.39802441000938416,982.0,982.0,982.0,0.9477,0.9299
4,9,4,9,0.3214615285396576,0.33540403842926025,982.0,982.0,982.0,0.9477,0.9299
4,9,4,9,0.4801568388938904,0.4556354284286499,982.0,982.0,982.0,0.9477,0.9299
4,9,4,9,0.48600202798843384,0.4427492022514343,982.0,982.0,982.0,0.9477,0.9299
4,9,4,9,0.5002973079681396,0.41829174757003784,982.0,982.0,982.0,0.9477,0.9299
4,9,4,9,0.49246513843536377,0.46267062425613403,982.0,982.0,982.0,0.9477,0.9299
4,2,4,6,0.33701804280281067,0.3630231022834778,982.0,982.0,982.0,0.9477,0.9299
4,9,4,9,0.49010658264160156,0.45797938108444214,982.0,982.0,982.0,0.9477,0.9299
4,1,9,9,0.45089784264564514,0.23705145716667175,982.0,982.0,982.0,0.9477,0.9299
4,9,4,9,0.4120924472808838,0.4550231397151947,982.0,982.0,982.0,0.9477,0.9299
4,6,4,9,0.4320226013660431,0.4601036012172699,982.0,982.0,982.0,0.9477,0.9299
4,9,4,9,0.5057278871536255,0.4571051597595215,982.0,982.0,982.0,0.9477,0.9299
4,9,4,9,0.4385034441947937,0.4094794988632202,982.0,982.0,982.0,0.9477,0.9299
4,9,4,9,0.5012128353118896,0.40550848841667175,982.0,982.0,982.0,0.9477,0.9299
4,9,4,9,0.47407180070877075,0.38492465019226074,982.0,982.0,982.0,0.9477,0.9299
4,9,4,9,0.46038195490837097,0.3808840811252594,982.0,982.0,982.0,0.9477,0.9299
4,9,4,9,0.38152703642845154,0.2891712486743927,982.0,982.0,982.0,0.9477,0.9299
4,5,4,9,0.33375510573387146,0.4066801071166992,982.0,982.0,982.0,0.9477,0.9299
4,9,9,9,0.46862339973449707,0.19024698436260223,982.0,982.0,982.0,0.9477,0.9299
4,9,4,9,0.4653007388114929,0.395017147064209,982.0,982.0,982.0,0.9477,0.9299
4,9,4,9,0.44764500856399536,0.4271203875541687,982.0,982.0,982.0,0.9477,0.9299
4,9,4,9,0.4269512891769409,0.3724319040775299,982.0,982.0,982.0,0.9477,0.9299
4,9,4,9,0.41620323061943054,0.21870096027851105,982.0,982.0,982.0,0.9477,0.9299
4,9,4,9,0.4768853783607483,0.33155834674835205,982.0,982.0,982.0,0.9477,0.9299
4,9,4,9,0.4452909529209137,0.36499327421188354,982.0,982.0,982.0,0.9477,0.9299
4,9,9,9,0.4450046122074127,0.2292899191379547,982.0,982.0,982.0,0.9477,0.9299
4,9,4,9,0.49612680077552795,0.4175630807876587,982.0,982.0,982.0,0.9477,0.9299
4,9,9,9,0.4372859299182892,0.37289053201675415,982.0,982.0,982.0,0.9477,0.9299
4,9,4,9,0.41466426849365234,0.3481825292110443,982.0,982.0,982.0,0.9477,0.9299
4,6,4,9,0.4072501063346863,0.3960740864276886,982.0,982.0,982.0,0.9477,0.9299
4,9,4,9,0.46799108386039734,0.4233818054199219,982.0,982.0,982.0,0.9477,0.9299
4,9,4,9,0.3575677275657654,0.4362845718860626,982.0,982.0,982.0,0.9477,0.9299
4,9,4,7,0.43886348605155945,0.2972096800804138,982.0,982.0,982.0,0.9477,0.9299
4,6,4,9,0.4021819829940796,0.37553349137306213,982.0,982.0,982.0,0.9477,0.9299
4,6,4,7,0.43909916281700134,0.26037946343421936,982.0,982.0,982.0,0.9477,0.9299
4,9,4,9,0.41433820128440857,0.4245397746562958,982.0,982.0,982.0,0.9477,0.9299
4,0,4,6,0.3668375015258789,0.33611810207366943,982.0,982.0,982.0,0.9477,0.9299
4,9,4,9,0.46865788102149963,0.3974270522594452,982.0,982.0,982.0,0.9477,0.9299
4,9,4,6,0.41484570503234863,0.2321811020374298,982.0,982.0,982.0,0.9477,0.9299
4,9,4,9,0.35880523920059204,0.2936396300792694,982.0,982.0,982.0,0.9477,0.9299
4,9,4,9,0.4906620979309082,0.38350772857666016,982.0,982.0,982.0,0.9477,0.9299
4,9,4,9,0.4604530930519104,0.365532785654068,982.0,982.0,982.0,0.9477,0.9299
4,9,4,6,0.4327240586280823,0.21623171865940094,982.0,982.0,982.0,0.9477,0.9299
4,6,4,6,0.3799706995487213,0.33898234367370605,982.0,982.0,982.0,0.9477,0.9299
4,9,4,9,0.455426961183548,0.31872448325157166,982.0,982.0,982.0,0.9477,0.9299
4,9,4,9,0.4502788782119751,0.3040343225002289,982.0,982.0,982.0,0.9477,0.9299
4,7,4,6,0.3151133358478546,0.2897372245788574,982.0,982.0,982.0,0.9477,0.9299
4,9,4,9,0.49049487709999084,0.43453463912010193,982.0,982.0,982.0,0.9477,0.9299
4,9,4,9,0.4627653658390045,0.3819414973258972,982.0,982.0,982.0,0.9477,0.9299
4,9,4,9,0.48387256264686584,0.4033805727958679,982.0,982.0,982.0,0.9477,0.9299
4,0,4,2,0.2746603786945343,0.22215323150157928,982.0,982.0,982.0,0.9477,0.9299
4,7,4,2,0.3265904486179352,0.2627584636211395,982.0,982.0,982.0,0.9477,0.9299
4,9,4,9,0.3342469334602356,0.2992480993270874,982.0,982.0,982.0,0.9477,0.9299
4,2,4,2,0.29240551590919495,0.21977999806404114,982.0,982.0,982.0,0.9477,0.9299
4,9,4,9,0.47190967202186584,0.4145720899105072,982.0,982.0,982.0,0.9477,0.9299
4,9,4,9,0.4796409010887146,0.3884374797344208,982.0,982.0,982.0,0.9477,0.9299
4,9,4,9,0.4255872964859009,0.44328024983406067,982.0,982.0,982.0,0.9477,0.9299
4,9,4,9,0.4828988313674927,0.3826466500759125,982.0,982.0,982.0,0.9477,0.9299
4,9,4,9,0.48536550998687744,0.431516170501709,982.0,982.0,982.0,0.9477,0.9299
4,9,4,9,0.4751993715763092,0.4252891540527344,982.0,982.0,982.0,0.9477,0.9299
4,9,4,6,0.3838607966899872,0.2917896807193756,982.0,982.0,982.0,0.9477,0.9299
4,9,4,9,0.49611327052116394,0.45255815982818604,982.0,982.0,982.0,0.9477,0.9299
4,9,4,9,0.48370203375816345,0.45944294333457947,982.0,982.0,982.0,0.9477,0.9299
4,9,4,9,0.4540331959724426,0.44866085052490234,982.0,982.0,982.0,0.9477,0.9299
4,1,4,9,0.48601004481315613,0.45794418454170227,982.0,982.0,982.0,0.9477,0.9299
4,2,4,9,0.3825615644454956,0.4056772291660309,982.0,982.0,982.0,0.9477,0.9299
4,9,4,9,0.4753665626049042,0.44238412380218506,982.0,982.0,982.0,0.9477,0.9299
4,2,4,3,0.319378525018692,0.21358434855937958,982.0,982.0,982.0,0.9477,0.9299
4,6,4,6,0.43700629472732544,0.3510042130947113,982.0,982.0,982.0,0.9477,0.9299
4,2,4,7,0.3515221178531647,0.22298556566238403,982.0,982.0,982.0,0.9477,0.9299
4,6,4,2,0.3499486744403839,0.27056223154067993,982.0,982.0,982.0,0.9477,0.9299
4,9,4,9,0.38364073634147644,0.445006787776947,982.0,982.0,982.0,0.9477,0.9299
4,6,4,9,0.3081059455871582,0.3005371391773224,982.0,982.0,982.0,0.9477,0.9299
4,1,4,9,0.3585386276245117,0.4322268068790436,982.0,982.0,982.0,0.9477,0.9299
4,6,4,7,0.4655514061450958,0.26211708784103394,982.0,982.0,982.0,0.9477,0.9299
4,6,4,9,0.47172829508781433,0.43898308277130127,982.0,982.0,982.0,0.9477,0.9299
4,6,4,9,0.4298211932182312,0.3666060268878937,982.0,982.0,982.0,0.9477,0.9299
4,5,4,9,0.38589146733283997,0.43394604325294495,982.0,982.0,982.0,0.9477,0.9299
4,6,4,9,0.4040040373802185,0.4059237241744995,982.0,982.0,982.0,0.9477,0.9299
4,6,4,9,0.4266129732131958,0.3124098479747772,982.0,982.0,982.0,0.9477,0.9299
4,2,4,9,0.4155244827270508,0.3957595229148865,982.0,982.0,982.0,0.9477,0.9299
4,6,4,2,0.4905896484851837,0.26821091771125793,982.0,982.0,982.0,0.9477,0.9299
4,6,4,2,0.4451292157173157,0.2436971217393875,982.0,982.0,982.0,0.9477,0.9299
4,6,4,2,0.49766525626182556,0.26542747020721436,982.0,982.0,982.0,0.9477,0.9299
4,2,4,2,0.34037551283836365,0.22825996577739716,982.0,982.0,982.0,0.9477,0.9299
4,7,7,7,0.34163931012153625,0.07967881113290787,982.0,982.0,982.0,0.9477,0.9299
4,2,4,9,0.3591620624065399,0.27749931812286377,982.0,982.0,982.0,0.9477,0.9299
0,0,0,0,0.11438724398612976,0.006526169367134571,982.0,982.0,982.0,0.9477,0.9299
4,9,4,2,0.3789457678794861,0.22294273972511292,982.0,982.0,982.0,0.9477,0.9299
4,9,4,9,0.45554885268211365,0.39066535234451294,982.0,982.0,982.0,0.9477,0.9299
4,9,9,9,0.493776798248291,0.37173113226890564,982.0,982.0,982.0,0.9477,0.9299
4,5,4,2,0.3721601068973541,0.21719574928283691,982.0,982.0,982.0,0.9477,0.9299
9,9,9,9,0.37557485699653625,0.06685473024845123,982.0,982.0,982.0,0.9477,0.9299
4,3,4,9,0.3680758476257324,0.43437570333480835,982.0,982.0,982.0,0.9477,0.9299
4,6,4,9,0.41351690888404846,0.4602963924407959,982.0,982.0,982.0,0.9477,0.9299
4,3,4,9,0.30445733666419983,0.41465726494789124,982.0,982.0,982.0,0.9477,0.9299
4,9,9,9,0.47624826431274414,0.3578964173793793,982.0,982.0,982.0,0.9477,0.9299
4,5,4,9,0.316137433052063,0.45026272535324097,982.0,982.0,982.0,0.9477,0.9299
4,9,4,9,0.3663925230503082,0.45820140838623047,982.0,982.0,982.0,0.9477,0.9299
4,3,4,9,0.3581678867340088,0.4443669319152832,982.0,982.0,982.0,0.9477,0.9299
4,3,9,9,0.3198956847190857,0.45548883080482483,982.0,982.0,982.0,0.9477,0.9299
4,1,4,3,0.3290555477142334,0.21321417391300201,982.0,982.0,982.0,0.9477,0.9299
4,9,4,8,0.4162188470363617,0.24966146051883698,982.0,982.0,982.0,0.9477,0.9299
4,9,9,9,0.45635539293289185,0.21586503088474274,982.0,982.0,982.0,0.9477,0.9299
4,6,4,9,0.46680498123168945,0.44265007972717285,982.0,982.0,982.0,0.9477,0.9299
4,6,4,9,0.4918803572654724,0.4630342125892639,982.0,982.0,982.0,0.9477,0.9299
4,6,4,9,0.4952283799648285,0.457887202501297,982.0,982.0,982.0,0.9477,0.9299
4,9,4,9,0.43803781270980835,0.39191558957099915,982.0,982.0,982.0,0.9477,0.9299
4,5,4,6,0.32726332545280457,0.4155314564704895,982.0,982.0,982.0,0.9477,0.9299
4,5,4,9,0.362050861120224,0.21282686293125153,982.0,982.0,982.0,0.9477,0.9299
4,6,4,9,0.4513329565525055,0.4372166395187378,982.0,982.0,982.0,0.9477,0.9299
4,6,4,6,0.3372456431388855,0.37668877840042114,982.0,982.0,982.0,0.9477,0.9299
4,6,4,9,0.4550587832927704,0.45791658759117126,982.0,982.0,982.0,0.9477,0.9299
4,0,4,9,0.3669651448726654,0.3603711724281311,982.0,982.0,982.0,0.9477,0.9299
4,6,4,9,0.4860810935497284,0.4487691819667816,982.0,982.0,982.0,0.9477,0.9299
4,7,4,9,0.3303699493408203,0.4197980463504791,982.0,982.0,982.0,0.9477,0.9299
4,6,4,9,0.41612014174461365,0.42807701230049133,982.0,982.0,982.0,0.9477,0.9299
4,6,4,9,0.4203871786594391,0.4275018870830536,982.0,982.0,982.0,0.9477,0.9299
4,5,4,8,0.4437340199947357,0.2301940768957138,982.0,982.0,982.0,0.9477,0.9299
4,9,4,9,0.4725942313671112,0.3872414231300354,982.0,982.0,982.0,0.9477,0.9299
4,9,4,9,0.47529229521751404,0.3969759941101074,982.0,982.0,982.0,0.9477,0.9299
4,6,4,9,0.4187382459640503,0.4217475950717926,982.0,982.0,982.0,0.9477,0.9299
4,6,4,9,0.4212453365325928,0.37811824679374695,982.0,982.0,982.0,0.9477,0.9299
4,6,4,9,0.4275490939617157,0.3335014879703522,982.0,982.0,982.0,0.9477,0.9299
4,9,4,9,0.3523482382297516,0.39601683616638184,982.0,982.0,982.0,0.9477,0.9299
4,6,4,6,0.34749528765678406,0.375005304813385,982.0,982.0,982.0,0.9477,0.9299
4,6,4,9,0.45681098103523254,0.4111069142818451,982.0,982.0,982.0,0.9477,0.9299
4,6,4,9,0.4117725193500519,0.3576270341873169,982.0,982.0,982.0,0.9477,0.9299
4,6,4,9,0.3279799520969391,0.37885430455207825,982.0,982.0,982.0,0.9477,0.9299
4,9,4,9,0.4666340947151184,0.3906337320804596,982.0,982.0,982.0,0.9477,0.9299
4,6,4,9,0.39363664388656616,0.2416049838066101,982.0,982.0,982.0,0.9477,0.9299
4,6,4,6,0.4544760584831238,0.3937724828720093,982.0,982.0,982.0,0.9477,0.9299
4,9,4,9,0.4731179475784302,0.4058726727962494,982.0,982.0,982.0,0.9477,0.9299
4,6,4,2,0.47307145595550537,0.26913872361183167,982.0,982.0,982.0,0.9477,0.9299
4,7,4,9,0.3040442168712616,0.23853613436222076,982.0,982.0,982.0,0.9477,0.9299
4,2,4,2,0.3304148316383362,0.31556469202041626,982.0,982.0,982.0,0.9477,0.9299
4,6,4,9,0.45469459891319275,0.3415834903717041,982.0,982.0,982.0,0.9477,0.9299
4,9,4,9,0.49285441637039185,0.3422250747680664,982.0,982.0,982.0,0.9477,0.9299
4,7,4,9,0.2770826816558838,0.28079506754875183,982.0,982.0,982.0,0.9477,0.9299
4,9,4,9,0.4772038459777832,0.4565405547618866,982.0,982.0,982.0,0.9477,0.9299
4,6,4,6,0.373714804649353,0.24223139882087708,982.0,982.0,982.0,0.9477,0.9299
4,0,4,2,0.26220703125,0.22622168064117432,982.0,982.0,982.0,0.9477,0.9299
4,6,4,8,0.45011529326438904,0.3351539075374603,982.0,982.0,982.0,0.9477,0.9299
4,6,4,6,0.4021611511707306,0.4186762273311615,982.0,982.0,982.0,0.9477,0.9299
4,5,4,6,0.4252419173717499,0.3918256461620331,982.0,982.0,982.0,0.9477,0.9299
4,0,4,2,0.31296736001968384,0.1931740790605545,982.0,982.0,982.0,0.9477,0.9299
4,6,4,6,0.41796115040779114,0.36978352069854736,982.0,982.0,982.0,0.9477,0.9299
4,6,4,9,0.4387419521808624,0.444255530834198,982.0,982.0,982.0,0.9477,0.9299
4,6,4,2,0.42074915766716003,0.23535320162773132,982.0,982.0,982.0,0.9477,0.9299
4,6,4,6,0.4987359941005707,0.3798716068267822,982.0,982.0,982.0,0.9477,0.9299
4,9,4,9,0.4598083794116974,0.38509413599967957,982.0,982.0,982.0,0.9477,0.9299
4,5,4,9,0.4634712338447571,0.2495262771844864,982.0,982.0,982.0,0.9477,0.9299
4,9,4,2,0.40963059663772583,0.273912638425827,982.0,982.0,982.0,0.9477,0.9299
4,2,4,2,0.464121013879776,0.27628573775291443,982.0,982.0,982.0,0.9477,0.9299
4,6,4,9,0.49530133605003357,0.2703408896923065,982.0,982.0,982.0,0.9477,0.9299
4,5,4,2,0.42105725407600403,0.31869226694107056,982.0,982.0,982.0,0.9477,0.9299
4,6,4,2,0.47806066274642944,0.2974826693534851,982.0,982.0,982.0,0.9477,0.9299
4,6,4,9,0.46984046697616577,0.4576217830181122,982.0,982.0,982.0,0.9477,0.9299
4,2,4,2,0.2882689833641052,0.2648971676826477,982.0,982.0,982.0,0.9477,0.9299
4,9,4,9,0.404979407787323,0.34465089440345764,982.0,982.0,982.0,0.9477,0.9299
4,7,4,9,0.3218527138233185,0.2630690932273865,982.0,982.0,982.0,0.9477,0.9299
4,7,4,9,0.31523266434669495,0.28976377844810486,982.0,982.0,982.0,0.9477,0.9299
4,2,4,6,0.2956545948982239,0.4128952622413635,982.0,982.0,982.0,0.9477,0.9299
4,6,4,9,0.5018943548202515,0.2766856551170349,982.0,982.0,982.0,0.9477,0.9299
4,5,4,9,0.4529115855693817,0.36777830123901367,982.0,982.0,982.0,0.9477,0.9299
4,9,4,9,0.38288772106170654,0.2693604826927185,982.0,982.0,982.0,0.9477,0.9299
4,6,4,2,0.36937305331230164,0.32999223470687866,982.0,982.0,982.0,0.9477,0.9299
4,9,4,9,0.46979662775993347,0.4339558780193329,982.0,982.0,982.0,0.9477,0.9299
4,6,4,5,0.3428966999053955,0.16458632051944733,982.0,982.0,982.0,0.9477,0.9299
4,6,4,6,0.47191321849823,0.41044503450393677,982.0,982.0,982.0,0.9477,0.9299
4,6,4,9,0.4987790286540985,0.4220397174358368,982.0,982.0,982.0,0.9477,0.9299
4,6,4,9,0.4614531993865967,0.16254174709320068,982.0,982.0,982.0,0.9477,0.9299
4,5,4,9,0.41408923268318176,0.3208867609500885,982.0,982.0,982.0,0.9477,0.9299
4,6,4,6,0.48239031434059143,0.4067734181880951,982.0,982.0,982.0,0.9477,0.9299
4,6,4,6,0.4831525385379791,0.4027734398841858,982.0,982.0,982.0,0.9477,0.9299
4,9,4,9,0.4598287343978882,0.4329147934913635,982.0,982.0,982.0,0.9477,0.9299
4,8,4,8,0.3631678521633148,0.4064760208129883,982.0,982.0,982.0,0.9477,0.9299
4,9,4,9,0.47799938917160034,0.3890189528465271,982.0,982.0,982.0,0.9477,0.9299
4,7,4,7,0.3150859475135803,0.3470701575279236,982.0,982.0,982.0,0.9477,0.9299
4,9,4,9,0.472764790058136,0.35423946380615234,982.0,982.0,982.0,0.9477,0.9299
4,9,4,2,0.4464721977710724,0.1940324902534485,982.0,982.0,982.0,0.9477,0.9299
4,9,4,9,0.4852622151374817,0.445531964302063,982.0,982.0,982.0,0.9477,0.9299
4,6,4,9,0.36747050285339355,0.44864436984062195,982.0,982.0,982.0,0.9477,0.9299
4,5,4,9,0.35317355394363403,0.3382045328617096,982.0,982.0,982.0,0.9477,0.9299
4,9,4,9,0.4772000014781952,0.4126400649547577,982.0,982.0,982.0,0.9477,0.9299
4,9,4,9,0.47881123423576355,0.4313053488731384,982.0,982.0,982.0,0.9477,0.9299
4,6,4,2,0.35345208644866943,0.19506794214248657,982.0,982.0,982.0,0.9477,0.9299
4,6,4,9,0.4553111493587494,0.4176139831542969,982.0,982.0,982.0,0.9477,0.9299
4,6,4,7,0.47455886006355286,0.2869712710380554,982.0,982.0,982.0,0.9477,0.9299
4,9,4,9,0.4608001112937927,0.3439198434352875,982.0,982.0,982.0,0.9477,0.9299
4,9,4,9,0.4757360816001892,0.28430894017219543,982.0,982.0,982.0,0.9477,0.9299
4,9,4,9,0.4482855796813965,0.38322293758392334,982.0,982.0,982.0,0.9477,0.9299
4,6,4,9,0.37560805678367615,0.44105884432792664,982.0,982.0,982.0,0.9477,0.9299
4,9,4,9,0.48353883624076843,0.4473036825656891,982.0,982.0,982.0,0.9477,0.9299
4,6,4,9,0.41214022040367126,0.4411641061306,982.0,982.0,982.0,0.9477,0.9299
4,9,4,9,0.4680316150188446,0.4519355595111847,982.0,982.0,982.0,0.9477,0.9299
4,9,4,9,0.4833027720451355,0.46181172132492065,982.0,982.0,982.0,0.9477,0.9299
4,6,4,9,0.38936957716941833,0.2105240672826767,982.0,982.0,982.0,0.9477,0.9299
4,8,4,9,0.36866673827171326,0.45788779854774475,982.0,982.0,982.0,0.9477,0.9299
4,9,4,9,0.4644554555416107,0.4580676555633545,982.0,982.0,982.0,0.9477,0.9299
4,6,4,9,0.39680033922195435,0.40566685795783997,982.0,982.0,982.0,0.9477,0.9299
4,2,4,9,0.2937016785144806,0.3996654450893402,982.0,982.0,982.0,0.9477,0.9299
4,9,4,9,0.45049503445625305,0.3048263192176819,982.0,982.0,982.0,0.9477,0.9299
4,9,4,9,0.499081552028656,0.4611365795135498,982.0,982.0,982.0,0.9477,0.9299
4,6,4,9,0.4736786484718323,0.46720704436302185,982.0,982.0,982.0,0.9477,0.9299
4,6,4,9,0.42083078622817993,0.4449951648712158,982.0,982.0,982.0,0.9477,0.9299
4,6,4,9,0.4399174749851227,0.42105939984321594,982.0,982.0,982.0,0.9477,0.9299
4,9,4,9,0.4817460775375366,0.4530416429042816,982.0,982.0,982.0,0.9477,0.9299
4,6,4,9,0.4868789613246918,0.4551982879638672,982.0,982.0,982.0,0.9477,0.9299
4,6,4,9,0.4405796229839325,0.4339926540851593,982.0,982.0,982.0,0.9477,0.9299
4,6,4,9,0.44525501132011414,0.448923259973526,982.0,982.0,982.0,0.9477,0.9299
4,9,4,9,0.5069988369941711,0.4506552517414093,982.0,982.0,982.0,0.9477,0.9299
4,9,4,9,0.5036864876747131,0.46110403537750244,982.0,982.0,982.0,0.9477,0.9299
4,6,4,9,0.34840208292007446,0.4465550184249878,982.0,982.0,982.0,0.9477,0.9299
4,6,4,9,0.501732349395752,0.4366794228553772,982.0,982.0,982.0,0.9477,0.9299
4,9,4,9,0.4939924478530884,0.45976704359054565,982.0,982.0,982.0,0.9477,0.9299
4,9,4,9,0.49499914050102234,0.45108848810195923,982.0,982.0,982.0,0.9477,0.9299
4,5,4,9,0.4323379397392273,0.3466336131095886,982.0,982.0,982.0,0.9477,0.9299
4,9,4,9,0.4864942133426666,0.40235480666160583,982.0,982.0,982.0,0.9477,0.9299
4,9,4,9,0.3969942629337311,0.2576742470264435,982.0,982.0,982.0,0.9477,0.9299
4,9,4,9,0.3792499899864197,0.3787384033203125,982.0,982.0,982.0,0.9477,0.9299
4,9,4,9,0.444791316986084,0.3407071828842163,982.0,982.0,982.0,0.9477,0.9299
4,9,4,9,0.3471902310848236,0.38004037737846375,982.0,982.0,982.0,0.9477,0.9299
4,5,4,9,0.36075785756111145,0.3925785422325134,982.0,982.0,982.0,0.9477,0.9299
4,9,4,9,0.48609286546707153,0.43876913189888,982.0,982.0,982.0,0.9477,0.9299
4,6,4,9,0.3685685992240906,0.2693348526954651,982.0,982.0,982.0,0.9477,0.9299
4,9,4,9,0.48406746983528137,0.4489821791648865,982.0,982.0,982.0,0.9477,0.9299
4,9,4,9,0.46933743357658386,0.4433164894580841,982.0,982.0,982.0,0.9477,0.9299
4,9,4,9,0.4872777462005615,0.4386112093925476,982.0,982.0,982.0,0.9477,0.9299
4,9,4,9,0.4910324811935425,0.4582459628582001,982.0,982.0,982.0,0.9477,0.9299
4,9,9,9,0.5028462409973145,0.36939737200737,982.0,982.0,982.0,0.9477,0.9299
4,9,4,9,0.46058645844459534,0.40949925780296326,982.0,982.0,982.0,0.9477,0.9299
4,9,4,9,0.49766805768013,0.4539557695388794,982.0,982.0,982.0,0.9477,0.9299
4,9,4,9,0.49575233459472656,0.4439193904399872,982.0,982.0,982.0,0.9477,0.9299
4,9,4,9,0.4907032251358032,0.34817802906036377,982.0,982.0,982.0,0.9477,0.9299
4,9,4,9,0.49688664078712463,0.45350056886672974,982.0,982.0,982.0,0.9477,0.9299
4,9,4,9,0.4857562482357025,0.45299622416496277,982.0,982.0,982.0,0.9477,0.9299
4,1,4,2,0.31154799461364746,0.2962033152580261,982.0,982.0,982.0,0.9477,0.9299
4,6,4,2,0.3817291855812073,0.3125004172325134,982.0,982.0,982.0,0.9477,0.9299
4,6,4,5,0.4172798991203308,0.2607249319553375,982.0,982.0,982.0,0.9477,0.9299
4,6,4,9,0.38792672753334045,0.23341849446296692,982.0,982.0,982.0,0.9477,0.9299
4,8,4,9,0.349569708108902,0.441079318523407,982.0,982.0,982.0,0.9477,0.9299
4,5,4,8,0.47130724787712097,0.2429807335138321,982.0,982.0,982.0,0.9477,0.9299
4,5,4,9,0.4766589403152466,0.2656318247318268,982.0,982.0,982.0,0.9477,0.9299
8,8,8,8,0.12900881469249725,0.3213503062725067,982.0,982.0,982.0,0.9477,0.9299
4,1,4,9,0.3964187204837799,0.29244598746299744,982.0,982.0,982.0,0.9477,0.9299
4,1,4,8,0.3257673382759094,0.2626533806324005,982.0,982.0,982.0,0.9477,0.9299
4,6,4,9,0.401393860578537,0.2777806222438812,982.0,982.0,982.0,0.9477,0.9299
4,0,4,6,0.25596266984939575,0.14918199181556702,982.0,982.0,982.0,0.9477,0.9299
4,6,4,2,0.48458853363990784,0.28617897629737854,982.0,982.0,982.0,0.9477,0.9299
4,6,4,2,0.47674083709716797,0.2618029713630676,982.0,982.0,982.0,0.9477,0.9299
4,6,4,2,0.44511333107948303,0.3548402190208435,982.0,982.0,982.0,0.9477,0.9299
4,6,4,2,0.41688475012779236,0.2725986838340759,982.0,982.0,982.0,0.9477,0.9299
4,6,4,2,0.4976465702056885,0.27714288234710693,982.0,982.0,982.0,0.9477,0.9299
4,0,4,2,0.30642738938331604,0.3498334586620331,982.0,982.0,982.0,0.9477,0.9299
4,0,4,2,0.32176831364631653,0.2689031958580017,982.0,982.0,982.0,0.9477,0.9299
4,9,4,9,0.4774053692817688,0.4062567353248596,982.0,982.0,982.0,0.9477,0.9299
4,9,4,9,0.4173789918422699,0.32546794414520264,982.0,982.0,982.0,0.9477,0.9299
4,9,4,9,0.47664836049079895,0.3463607430458069,982.0,982.0,982.0,0.9477,0.9299
4,9,4,9,0.44449666142463684,0.3114725649356842,982.0,982.0,982.0,0.9477,0.9299
4,9,4,9,0.44847822189331055,0.3805237412452698,982.0,982.0,982.0,0.9477,0.9299
4,9,4,9,0.47032132744789124,0.40357333421707153,982.0,982.0,982.0,0.9477,0.9299
4,9,4,9,0.49095773696899414,0.4271124601364136,982.0,982.0,982.0,0.9477,0.9299
4,9,4,9,0.45365071296691895,0.42871007323265076,982.0,982.0,982.0,0.9477,0.9299
4,6,4,9,0.3682965934276581,0.3481735289096832,982.0,982.0,982.0,0.9477,0.9299
4,9,4,9,0.3976711332798004,0.34622326493263245,982.0,982.0,982.0,0.9477,0.9299
4,7,4,9,0.33495450019836426,0.3483640253543854,982.0,982.0,982.0,0.9477,0.9299
4,9,4,9,0.5048904418945312,0.4611901044845581,982.0,982.0,982.0,0.9477,0.9299
4,9,4,9,0.4371345639228821,0.4056783616542816,982.0,982.0,982.0,0.9477,0.9299
4,6,4,7,0.44982996582984924,0.24662892520427704,982.0,982.0,982.0,0.9477,0.9299
4,9,4,9,0.49471139907836914,0.4466690123081207,982.0,982.0,982.0,0.9477,0.9299
4,9,4,9,0.5003060102462769,0.4468805491924286,982.0,982.0,982.0,0.9477,0.9299
4,9,4,9,0.470380574464798,0.4118300974369049,982.0,982.0,982.0,0.9477,0.9299
4,6,4,6,0.47057250142097473,0.31023070216178894,982.0,982.0,982.0,0.9477,0.9299
4,6,4,9,0.4344939589500427,0.4408259689807892,982.0,982.0,982.0,0.9477,0.9299
4,9,4,9,0.4874916672706604,0.43682625889778137,982.0,982.0,982.0,0.9477,0.9299
4,9,4,9,0.45716118812561035,0.24824193120002747,982.0,982.0,982.0,0.9477,0.9299
4,2,4,2,0.4473504424095154,0.22855202853679657,982.0,982.0,982.0,0.9477,0.9299
4,6,4,6,0.36672255396842957,0.4140896201133728,982.0,982.0,982.0,0.9477,0.9299
4,7,4,9,0.30920517444610596,0.32898592948913574,982.0,982.0,982.0,0.9477,0.9299
4,2,4,9,0.37219518423080444,0.3627164661884308,982.0,982.0,982.0,0.9477,0.9299
4,9,4,9,0.47028979659080505,0.4367644488811493,982.0,982.0,982.0,0.9477,0.9299
4,9,4,9,0.47024452686309814,0.42670682072639465,982.0,982.0,982.0,0.9477,0.9299
4,9,4,9,0.48364967107772827,0.4023951590061188,982.0,982.0,982.0,0.9477,0.9299
4,6,4,9,0.4592685401439667,0.4169169068336487,982.0,982.0,982.0,0.9477,0.9299
4,9,4,9,0.39009103178977966,0.3575266897678375,982.0,982.0,982.0,0.9477,0.9299
4,9,4,9,0.4123246967792511,0.4518725275993347,982.0,982.0,982.0,0.9477,0.9299
4,9,4,9,0.48751264810562134,0.42385053634643555,982.0,982.0,982.0,0.9477,0.9299
4,0,4,9,0.3881349265575409,0.21876123547554016,982.0,982.0,982.0,0.9477,0.9299
4,9,4,9,0.38245245814323425,0.4469805359840393,982.0,982.0,982.0,0.9477,0.9299
4,6,4,9,0.498818576335907,0.43999001383781433,982.0,982.0,982.0,0.9477,0.9299
4,6,4,9,0.49522197246551514,0.44518738985061646,982.0,982.0,982.0,0.9477,0.9299
4,9,4,9,0.4289930760860443,0.40113213658332825,982.0,982.0,982.0,0.9477,0.9299
4,9,4,9,0.41765570640563965,0.4319327771663666,982.0,982.0,982.0,0.9477,0.9299
4,9,4,9,0.49129509925842285,0.4221827983856201,982.0,982.0,982.0,0.9477,0.9299
4,9,4,9,0.4759214222431183,0.45423921942710876,982.0,982.0,982.0,0.9477,0.9299
4,6,6,6,0.4003719091415405,0.35125643014907837,982.0,982.0,982.0,0.9477,0.9299
4,9,4,9,0.41108056902885437,0.44895073771476746,982.0,982.0,982.0,0.9477,0.9299
8,8,4,8,0.22952228784561157,0.23466141521930695,982.0,982.0,982.0,0.9477,0.9299
4,9,4,9,0.44540563225746155,0.4246729612350464,982.0,982.0,982.0,0.9477,0.9299
4,2,4,5,0.36517348885536194,0.21789781749248505,982.0,982.0,982.0,0.9477,0.9299
4,6,4,9,0.40743041038513184,0.40756434202194214,982.0,982.0,982.0,0.9477,0.9299
4,6,4,9,0.4531794786453247,0.3546159863471985,982.0,982.0,982.0,0.9477,0.9299
4,9,4,9,0.49939990043640137,0.4104136526584625,982.0,982.0,982.0,0.9477,0.9299
4,6,4,9,0.4377437233924866,0.3352360427379608,982.0,982.0,982.0,0.9477,0.9299
4,9,4,9,0.4658457040786743,0.3219357430934906,982.0,982.0,982.0,0.9477,0.9299
4,6,4,9,0.4178518056869507,0.3452402651309967,982.0,982.0,982.0,0.9477,0.9299
4,6,4,6,0.4249221384525299,0.42176204919815063,982.0,982.0,982.0,0.9477,0.9299
4,5,4,9,0.4094345271587372,0.3848487138748169,982.0,982.0,982.0,0.9477,0.9299
4,9,4,9,0.3827023208141327,0.39689627289772034,982.0,982.0,982.0,0.9477,0.9299
4,9,4,2,0.3688625395298004,0.22841839492321014,982.0,982.0,982.0,0.9477,0.9299
4,9,4,9,0.4741431772708893,0.3859404921531677,982.0,982.0,982.0,0.9477,0.9299
4,6,4,9,0.4302907884120941,0.37918031215667725,982.0,982.0,982.0,0.9477,0.9299
4,6,4,5,0.3866158723831177,0.1950233429670334,982.0,982.0,982.0,0.9477,0.9299
4,9,4,9,0.4964648187160492,0.4482470750808716,982.0,982.0,982.0,0.9477,0.9299
4,6,4,9,0.43772023916244507,0.38958561420440674,982.0,982.0,982.0,0.9477,0.9299
4,6,4,9,0.4718341827392578,0.4069461226463318,982.0,982.0,982.0,0.9477,0.9299
4,9,4,9,0.3959557116031647,0.20322439074516296,982.0,982.0,982.0,0.9477,0.9299
4,6,4,2,0.41660889983177185,0.3033958077430725,982.0,982.0,982.0,0.9477,0.9299
4,6,4,9,0.42742305994033813,0.45187658071517944,982.0,982.0,982.0,0.9477,0.9299
4,5,4,9,0.40204188227653503,0.4091855585575104,982.0,982.0,982.0,0.9477,0.9299
4,9,4,9,0.4831429421901703,0.43009352684020996,982.0,982.0,982.0,0.9477,0.9299
4,9,4,9,0.45595017075538635,0.4172946810722351,982.0,982.0,982.0,0.9477,0.9299
4,5,4,6,0.3561430275440216,0.3255617022514343,982.0,982.0,982.0,0.9477,0.9299
4,9,4,9,0.4874168634414673,0.4044531285762787,982.0,982.0,982.0,0.9477,0.9299
4,6,4,9,0.4128715395927429,0.4224044680595398,982.0,982.0,982.0,0.9477,0.9299
4,6,4,5,0.4029991924762726,0.2630205750465393,982.0,982.0,982.0,0.9477,0.9299
4,6,4,9,0.4137125313282013,0.36690038442611694,982.0,982.0,982.0,0.9477,0.9299
4,6,4,9,0.42548128962516785,0.42313873767852783,982.0,982.0,982.0,0.9477,0.9299
4,6,4,9,0.4650714099407196,0.3655702471733093,982.0,982.0,982.0,0.9477,0.9299
4,9,4,9,0.45060548186302185,0.3471182584762573,982.0,982.0,982.0,0.9477,0.9299
4,6,4,9,0.3539882004261017,0.253871887922287,982.0,982.0,982.0,0.9477,0.9299
4,9,9,9,0.49570009112358093,0.11090682446956635,982.0,982.0,982.0,0.9477,0.9299
4,8,4,8,0.3453707695007324,0.3825656771659851,982.0,982.0,982.0,0.9477,0.9299
4,9,4,9,0.3576415479183197,0.40566444396972656,982.0,982.0,982.0,0.9477,0.9299
4,9,4,6,0.4146738052368164,0.3876294493675232,982.0,982.0,982.0,0.9477,0.9299
4,9,4,9,0.4286460876464844,0.34488803148269653,982.0,982.0,982.0,0.9477,0.9299
4,6,4,9,0.25828200578689575,0.3419995605945587,982.0,982.0,982.0,0.9477,0.9299
4,9,4,9,0.48192185163497925,0.4329991936683655,982.0,982.0,982.0,0.9477,0.9299
4,9,4,9,0.44834262132644653,0.42453351616859436,982.0,982.0,982.0,0.9477,0.9299
4,6,4,9,0.3136735260486603,0.4147919714450836,982.0,982.0,982.0,0.9477,0.9299
4,9,4,9,0.4684048295021057,0.45270445942878723,982.0,982.0,982.0,0.9477,0.9299
4,9,9,9,0.46303075551986694,0.09580875188112259,982.0,982.0,982.0,0.9477,0.9299
4,9,4,8,0.4945005178451538,0.25897493958473206,982.0,982.0,982.0,0.9477,0.9299
4,6,4,9,0.47840508818626404,0.2766859829425812,982.0,982.0,982.0,0.9477,0.9299
4,9,4,9,0.4368983805179596,0.3831035792827606,982.0,982.0,982.0,0.9477,0.9299
4,9,4,9,0.4317084848880768,0.242905855178833,982.0,982.0,982.0,0.9477,0.9299
4,9,4,9,0.4253564178943634,0.30885282158851624,982.0,982.0,982.0,0.9477,0.9299
4,9,4,9,0.4687027037143707,0.3969688415527344,982.0,982.0,982.0,0.9477,0.9299
4,9,4,9,0.46183958649635315,0.33360108733177185,982.0,982.0,982.0,0.9477,0.9299
4,9,4,9,0.46021249890327454,0.39726439118385315,982.0,982.0,982.0,0.9477,0.9299
4,6,4,9,0.3777703046798706,0.391025573015213,982.0,982.0,982.0,0.9477,0.9299
4,9,9,9,0.4444919526576996,0.16837190091609955,982.0,982.0,982.0,0.9477,0.9299
4,9,4,9,0.4496345520019531,0.3173377811908722,982.0,982.0,982.0,0.9477,0.9299
4,5,4,5,0.4127381443977356,0.18605150282382965,982.0,982.0,982.0,0.9477,0.9299
4,9,4,9,0.45245465636253357,0.388633131980896,982.0,982.0,982.0,0.9477,0.9299
4,9,4,9,0.4570998549461365,0.24234844744205475,982.0,982.0,982.0,0.9477,0.9299
4,9,4,9,0.46896323561668396,0.4309338927268982,982.0,982.0,982.0,0.9477,0.9299
4,7,4,9,0.3178083896636963,0.35481390357017517,982.0,982.0,982.0,0.9477,0.9299
4,9,4,9,0.489467978477478,0.43486014008522034,982.0,982.0,982.0,0.9477,0.9299
4,5,4,9,0.3796146512031555,0.33719098567962646,982.0,982.0,982.0,0.9477,0.9299
4,6,4,9,0.4251774251461029,0.43247219920158386,982.0,982.0,982.0,0.9477,0.9299
4,9,4,9,0.49277907609939575,0.3856778144836426,982.0,982.0,982.0,0.9477,0.9299
4,5,4,3,0.4059820771217346,0.23209576308727264,982.0,982.0,982.0,0.9477,0.9299
4,5,4,9,0.3534252941608429,0.38971835374832153,982.0,982.0,982.0,0.9477,0.9299
4,6,4,9,0.38942861557006836,0.37846121191978455,982.0,982.0,982.0,0.9477,0.9299
4,6,4,9,0.4335559606552124,0.3466883897781372,982.0,982.0,982.0,0.9477,0.9299
4,6,4,9,0.43537718057632446,0.43311601877212524,982.0,982.0,982.0,0.9477,0.9299
4,9,4,9,0.43468862771987915,0.301909476518631,982.0,982.0,982.0,0.9477,0.9299
4,9,4,9,0.47664037346839905,0.3681962788105011,982.0,982.0,982.0,0.9477,0.9299
4,7,4,7,0.35405126214027405,0.25468510389328003,982.0,982.0,982.0,0.9477,0.9299
4,9,4,9,0.4629971385002136,0.39843887090682983,982.0,982.0,982.0,0.9477,0.9299
4,6,4,9,0.4504924714565277,0.3692183792591095,982.0,982.0,982.0,0.9477,0.9299
4,9,4,9,0.4872600734233856,0.4162038564682007,982.0,982.0,982.0,0.9477,0.9299
4,9,4,9,0.45003804564476013,0.38064438104629517,982.0,982.0,982.0,0.9477,0.9299
4,9,4,9,0.455142080783844,0.35855576395988464,982.0,982.0,982.0,0.9477,0.9299
4,9,4,9,0.4935287833213806,0.42969951033592224,982.0,982.0,982.0,0.9477,0.9299
4,6,4,9,0.291838139295578,0.4039170742034912,982.0,982.0,982.0,0.9477,0.9299
4,9,4,9,0.48625290393829346,0.3813622295856476,982.0,982.0,982.0,0.9477,0.9299
4,6,4,9,0.4329511821269989,0.37700337171554565,982.0,982.0,982.0,0.9477,0.9299
4,9,4,9,0.4899281859397888,0.3961389660835266,982.0,982.0,982.0,0.9477,0.9299
4,5,4,5,0.4143679738044739,0.23660440742969513,982.0,982.0,982.0,0.9477,0.9299
4,9,4,9,0.47717761993408203,0.3836343586444855,982.0,982.0,982.0,0.9477,0.9299
4,5,4,5,0.48074159026145935,0.24759919941425323,982.0,982.0,982.0,0.9477,0.9299
4,6,4,9,0.4293133616447449,0.37541577219963074,982.0,982.0,982.0,0.9477,0.9299
4,9,4,9,0.5025651454925537,0.40848225355148315,982.0,982.0,982.0,0.9477,0.9299
4,6,4,9,0.40330594778060913,0.33659109473228455,982.0,982.0,982.0,0.9477,0.9299
4,6,4,9,0.4095473885536194,0.372408002614975,982.0,982.0,982.0,0.9477,0.9299
4,6,4,9,0.4077693521976471,0.1954992711544037,982.0,982.0,982.0,0.9477,0.9299
4,7,4,2,0.3117699921131134,0.2637310028076172,982.0,982.0,982.0,0.9477,0.9299
4,5,4,2,0.3340928256511688,0.17783600091934204,982.0,982.0,982.0,0.9477,0.9299
4,6,4,6,0.46191781759262085,0.36284971237182617,982.0,982.0,982.0,0.9477,0.9299
4,6,4,9,0.46183618903160095,0.44161829352378845,982.0,982.0,982.0,0.9477,0.9299
4,9,4,9,0.4989750385284424,0.4587321877479553,982.0,982.0,982.0,0.9477,0.9299
4,7,4,9,0.33670586347579956,0.34728536009788513,982.0,982.0,982.0,0.9477,0.9299
4,9,4,9,0.3304790258407593,0.42294251918792725,982.0,982.0,982.0,0.9477,0.9299
4,6,4,7,0.3412916660308838,0.33972737193107605,982.0,982.0,982.0,0.9477,0.9299
4,9,4,9,0.4730800688266754,0.44810056686401367,982.0,982.0,982.0,0.9477,0.9299
4,7,4,2,0.3254869878292084,0.20751170814037323,982.0,982.0,982.0,0.9477,0.9299
4,7,4,7,0.36323732137680054,0.29946479201316833,982.0,982.0,982.0,0.9477,0.9299
4,9,4,9,0.4775189161300659,0.4464784860610962,982.0,982.0,982.0,0.9477,0.9299
4,9,4,8,0.30350932478904724,0.19125545024871826,982.0,982.0,982.0,0.9477,0.9299
4,9,4,9,0.4199134409427643,0.4420170485973358,982.0,982.0,982.0,0.9477,0.9299
4,6,4,8,0.36400407552719116,0.2554958164691925,982.0,982.0,982.0,0.9477,0.9299
4,9,4,9,0.43092355132102966,0.29904142022132874,982.0,982.0,982.0,0.9477,0.9299
4,9,4,9,0.4938920736312866,0.4249916970729828,982.0,982.0,982.0,0.9477,0.9299
4,6,4,2,0.379848837852478,0.22783806920051575,982.0,982.0,982.0,0.9477,0.9299
4,9,4,9,0.44604727625846863,0.27131950855255127,982.0,982.0,982.0,0.9477,0.9299
4,9,9,9,0.5067600011825562,0.4030723571777344,982.0,982.0,982.0,0.9477,0.9299
4,9,9,9,0.5019791722297668,0.32721784710884094,982.0,982.0,982.0,0.9477,0.9299
4,9,4,9,0.48022839426994324,0.39924296736717224,982.0,982.0,982.0,0.9477,0.9299
4,6,4,2,0.4077266454696655,0.21592387557029724,982.0,982.0,982.0,0.9477,0.9299
4,5,4,8,0.25358647108078003,0.3201768100261688,982.0,982.0,982.0,0.9477,0.9299
4,6,4,5,0.3950137495994568,0.2784825265407562,982.0,982.0,982.0,0.9477,0.9299
4,6,4,9,0.4532279372215271,0.3536432385444641,982.0,982.0,982.0,0.9477,0.9299
4,6,4,9,0.4453466534614563,0.2584910988807678,982.0,982.0,982.0,0.9477,0.9299
4,5,4,9,0.4302513301372528,0.421988844871521,982.0,982.0,982.0,0.9477,0.9299
4,5,4,9,0.41450491547584534,0.29950347542762756,982.0,982.0,982.0,0.9477,0.9299
4,5,4,9,0.4073041081428528,0.36525872349739075,982.0,982.0,982.0,0.9477,0.9299
4,6,4,9,0.4184742867946625,0.4518386721611023,982.0,982.0,982.0,0.9477,0.9299
4,6,4,9,0.41552871465682983,0.23517395555973053,982.0,982.0,982.0,0.9477,0.9299
4,5,4,3,0.41793346405029297,0.24063608050346375,982.0,982.0,982.0,0.9477,0.9299
4,9,4,7,0.49982455372810364,0.27507534623146057,982.0,982.0,982.0,0.9477,0.9299
4,9,4,7,0.47395434975624084,0.24354514479637146,982.0,982.0,982.0,0.9477,0.9299
4,9,4,9,0.486176460981369,0.42554253339767456,982.0,982.0,982.0,0.9477,0.9299
4,9,4,9,0.49399274587631226,0.43596622347831726,982.0,982.0,982.0,0.9477,0.9299
4,6,4,8,0.3889957666397095,0.3019214868545532,982.0,982.0,982.0,0.9477,0.9299
4,9,4,9,0.4442330598831177,0.41495653986930847,982.0,982.0,982.0,0.9477,0.9299
4,9,4,9,0.49432051181793213,0.4237227439880371,982.0,982.0,982.0,0.9477,0.9299
4,9,4,9,0.45441633462905884,0.3905099630355835,982.0,982.0,982.0,0.9477,0.9299
4,6,4,9,0.37308546900749207,0.2780153155326843,982.0,982.0,982.0,0.9477,0.9299
4,9,9,9,0.48554807901382446,0.22261974215507507,982.0,982.0,982.0,0.9477,0.9299
4,6,4,7,0.41949793696403503,0.26555201411247253,982.0,982.0,982.0,0.9477,0.9299
4,6,4,7,0.34799084067344666,0.24164658784866333,982.0,982.0,982.0,0.9477,0.9299
4,6,4,9,0.47610101103782654,0.38598814606666565,982.0,982.0,982.0,0.9477,0.9299
4,5,4,8,0.45497146248817444,0.36996710300445557,982.0,982.0,982.0,0.9477,0.9299
4,9,4,9,0.5075708627700806,0.43783244490623474,982.0,982.0,982.0,0.9477,0.9299
4,9,9,9,0.4998950958251953,0.31856465339660645,982.0,982.0,982.0,0.9477,0.9299
4,9,4,9,0.4981595277786255,0.43033620715141296,982.0,982.0,982.0,0.9477,0.9299
4,9,4,9,0.453804612159729,0.399504154920578,982.0,982.0,982.0,0.9477,0.9299
4,6,4,9,0.4062384068965912,0.4382005035877228,982.0,982.0,982.0,0.9477,0.9299
4,6,4,9,0.4509052336215973,0.389700710773468,982.0,982.0,982.0,0.9477,0.9299
4,6,4,9,0.48959195613861084,0.45183297991752625,982.0,982.0,982.0,0.9477,0.9299
4,2,4,2,0.27957919239997864,0.2813382148742676,982.0,982.0,982.0,0.9477,0.9299
4,6,4,9,0.48920971155166626,0.22403019666671753,982.0,982.0,982.0,0.9477,0.9299
4,6,4,9,0.45429912209510803,0.4291195571422577,982.0,982.0,982.0,0.9477,0.9299
4,9,4,9,0.4597880244255066,0.39140617847442627,982.0,982.0,982.0,0.9477,0.9299
4,9,4,9,0.3938004672527313,0.2787603735923767,982.0,982.0,982.0,0.9477,0.9299
4,9,9,9,0.3952174186706543,0.16235581040382385,982.0,982.0,982.0,0.9477,0.9299
4,2,4,8,0.36376598477363586,0.3858340084552765,982.0,982.0,982.0,0.9477,0.9299
4,6,4,9,0.4659099876880646,0.44493263959884644,982.0,982.0,982.0,0.9477,0.9299
4,9,4,9,0.44735851883888245,0.40036606788635254,982.0,982.0,982.0,0.9477,0.9299
4,2,4,2,0.37082844972610474,0.19526930153369904,982.0,982.0,982.0,0.9477,0.9299
4,2,4,8,0.33402249217033386,0.3209260106086731,982.0,982.0,982.0,0.9477,0.9299
4,9,9,9,0.47856900095939636,0.4449499249458313,982.0,982.0,982.0,0.9477,0.9299
4,6,4,6,0.3309548795223236,0.3754560947418213,982.0,982.0,982.0,0.9477,0.9299
2,2,2,2,0.1054467260837555,0.013444962911307812,982.0,982.0,982.0,0.9477,0.9299
4,9,4,9,0.40927377343177795,0.39494186639785767,982.0,982.0,982.0,0.9477,0.9299
4,2,4,2,0.3048339784145355,0.19685514271259308,982.0,982.0,982.0,0.9477,0.9299
4,9,4,9,0.4411924481391907,0.38891008496284485,982.0,982.0,982.0,0.9477,0.9299
4,0,4,6,0.3197280466556549,0.30020469427108765,982.0,982.0,982.0,0.9477,0.9299
4,9,9,9,0.45890867710113525,0.24433942139148712,982.0,982.0,982.0,0.9477,0.9299
4,9,4,9,0.4499462842941284,0.3510395586490631,982.0,982.0,982.0,0.9477,0.9299
4,7,4,9,0.326351523399353,0.3080046772956848,982.0,982.0,982.0,0.9477,0.9299
4,6,4,9,0.40304097533226013,0.4152807593345642,982.0,982.0,982.0,0.9477,0.9299
4,2,4,2,0.27400100231170654,0.2352237105369568,982.0,982.0,982.0,0.9477,0.9299
4,5,4,2,0.41416996717453003,0.18786855041980743,982.0,982.0,982.0,0.9477,0.9299
4,5,4,9,0.4353330433368683,0.32861971855163574,982.0,982.0,982.0,0.9477,0.9299
4,9,4,9,0.4721877872943878,0.3370169401168823,982.0,982.0,982.0,0.9477,0.9299
4,5,4,6,0.46434053778648376,0.27539265155792236,982.0,982.0,982.0,0.9477,0.9299
4,6,4,6,0.3442732095718384,0.38536036014556885,982.0,982.0,982.0,0.9477,0.9299
4,6,4,6,0.3429540991783142,0.36784055829048157,982.0,982.0,982.0,0.9477,0.9299
4,9,4,9,0.4397825598716736,0.4328252077102661,982.0,982.0,982.0,0.9477,0.9299
4,0,4,9,0.41353321075439453,0.24360033869743347,982.0,982.0,982.0,0.9477,0.9299
4,9,4,9,0.47628217935562134,0.39392155408859253,982.0,982.0,982.0,0.9477,0.9299
4,6,6,6,0.3637191355228424,0.295794814825058,982.0,982.0,982.0,0.9477,0.9299
4,9,4,9,0.4658423066139221,0.3832085430622101,982.0,982.0,982.0,0.9477,0.9299
4,9,4,9,0.484955370426178,0.40639108419418335,982.0,982.0,982.0,0.9477,0.9299
4,9,4,9,0.46739092469215393,0.3846747875213623,982.0,982.0,982.0,0.9477,0.9299
4,9,4,9,0.4184263050556183,0.3335483968257904,982.0,982.0,982.0,0.9477,0.9299
4,6,4,9,0.34495216608047485,0.41826197504997253,982.0,982.0,982.0,0.9477,0.9299
4,9,4,9,0.49790138006210327,0.4338653087615967,982.0,982.0,982.0,0.9477,0.9299
